state,year,target_beni_core_score,beni_rank_within_year,priority_band_within_year,split_group,model_ready_flag,source_note,source_file,source_sheet,processed_dataset_name,processed_status
Abia,2018,0.2811446244790875,23,Medium Need,TRAIN_2018_2020,True,Common 2018-2020 UBEC public school indicators,Capstone_Stage_ML1_Model_Ready_Dataset.xlsx,Model_Ready_Core_StateYear,beni_core_scores,final_processed_score_file
Abia,2019,0.20965983432422913,26,Lower Need,TRAIN_2018_2020,True,Common 2018-2020 UBEC public school indicators,Capstone_Stage_ML1_Model_Ready_Dataset.xlsx,Model_Ready_Core_StateYear,beni_core_scores,final_processed_score_file
Abia,2020,0.2107342999775496,26,Lower Need,TRAIN_2018_2020,True,Common 2018-2020 UBEC public school indicators,Capstone_Stage_ML1_Model_Ready_Dataset.xlsx,Model_Ready_Core_StateYear,beni_core_scores,final_processed_score_file
Abia,2022,0.21027488100596567,30,Lower Need,TEST_2022,True,2022 UBEC public school indicators with richer infrastructure fields,Capstone_Stage_ML1_Model_Ready_Dataset.xlsx,Model_Ready_Core_StateYear,beni_core_scores,final_processed_score_file
Adamawa,2018,0.3727462947680726,16,Medium Need,TRAIN_2018_2020,True,Common 2018-2020 UBEC public school indicators,Capstone_Stage_ML1_Model_Ready_Dataset.xlsx,Model_Ready_Core_StateYear,beni_core_scores,final_processed_score_file
Adamawa,2019,0.3721854271050057,17,Medium Need,TRAIN_2018_2020,True,Common 2018-2020 UBEC public school indicators,Capstone_Stage_ML1_Model_Ready_Dataset.xlsx,Model_Ready_Core_StateYear,beni_core_scores,final_processed_score_file
Adamawa,2020,0.37699920089024175,17,Medium Need,TRAIN_2018_2020,True,Common 2018-2020 UBEC public school indicators,Capstone_Stage_ML1_Model_Ready_Dataset.xlsx,Model_Ready_Core_StateYear,beni_core_scores,final_processed_score_file
Adamawa,2022,0.34403684036981236,17,Medium Need,TEST_2022,True,2022 UBEC public school indicators with richer infrastructure fields,Capstone_Stage_ML1_Model_Ready_Dataset.xlsx,Model_Ready_Core_StateYear,beni_core_scores,final_processed_score_file
Akwa Ibom,2018,0.5605002047151899,1,High Need,TRAIN_2018_2020,True,Common 2018-2020 UBEC public school indicators,Capstone_Stage_ML1_Model_Ready_Dataset.xlsx,Model_Ready_Core_StateYear,beni_core_scores,final_processed_score_file
Akwa Ibom,2019,0.5646110565482891,2,High Need,TRAIN_2018_2020,True,Common 2018-2020 UBEC public school indicators,Capstone_Stage_ML1_Model_Ready_Dataset.xlsx,Model_Ready_Core_StateYear,beni_core_scores,final_processed_score_file
Akwa Ibom,2020,0.553382046589419,2,High Need,TRAIN_2018_2020,True,Common 2018-2020 UBEC public school indicators,Capstone_Stage_ML1_Model_Ready_Dataset.xlsx,Model_Ready_Core_StateYear,beni_core_scores,final_processed_score_file
Akwa Ibom,2022,0.4121288349029659,12,High Need,TEST_2022,True,2022 UBEC public school indicators with richer infrastructure fields,Capstone_Stage_ML1_Model_Ready_Dataset.xlsx,Model_Ready_Core_StateYear,beni_core_scores,final_processed_score_file
Anambra,2018,0.27353723863589197,25,Medium Need,TRAIN_2018_2020,True,Common 2018-2020 UBEC public school indicators,Capstone_Stage_ML1_Model_Ready_Dataset.xlsx,Model_Ready_Core_StateYear,beni_core_scores,final_processed_score_file
Anambra,2019,0.19576253484218395,28,Lower Need,TRAIN_2018_2020,True,Common 2018-2020 UBEC public school indicators,Capstone_Stage_ML1_Model_Ready_Dataset.xlsx,Model_Ready_Core_StateYear,beni_core_scores,final_processed_score_file
Anambra,2020,0.20642587068340915,28,Lower Need,TRAIN_2018_2020,True,Common 2018-2020 UBEC public school indicators,Capstone_Stage_ML1_Model_Ready_Dataset.xlsx,Model_Ready_Core_StateYear,beni_core_scores,final_processed_score_file
Anambra,2022,0.20219177981346675,32,Lower Need,TEST_2022,True,2022 UBEC public school indicators with richer infrastructure fields,Capstone_Stage_ML1_Model_Ready_Dataset.xlsx,Model_Ready_Core_StateYear,beni_core_scores,final_processed_score_file
Bauchi,2018,0.3765244005912122,15,Medium Need,TRAIN_2018_2020,True,Common 2018-2020 UBEC public school indicators,Capstone_Stage_ML1_Model_Ready_Dataset.xlsx,Model_Ready_Core_StateYear,beni_core_scores,final_processed_score_file
Bauchi,2019,0.384478195272105,15,Medium Need,TRAIN_2018_2020,True,Common 2018-2020 UBEC public school indicators,Capstone_Stage_ML1_Model_Ready_Dataset.xlsx,Model_Ready_Core_StateYear,beni_core_scores,final_processed_score_file
Bauchi,2020,0.3926951365885345,14,Medium Need,TRAIN_2018_2020,True,Common 2018-2020 UBEC public school indicators,Capstone_Stage_ML1_Model_Ready_Dataset.xlsx,Model_Ready_Core_StateYear,beni_core_scores,final_processed_score_file
Bauchi,2022,0.4195484300476191,11,High Need,TEST_2022,True,2022 UBEC public school indicators with richer infrastructure fields,Capstone_Stage_ML1_Model_Ready_Dataset.xlsx,Model_Ready_Core_StateYear,beni_core_scores,final_processed_score_file
Bayelsa,2018,0.26368993140964747,27,Lower Need,TRAIN_2018_2020,True,Common 2018-2020 UBEC public school indicators,Capstone_Stage_ML1_Model_Ready_Dataset.xlsx,Model_Ready_Core_StateYear,beni_core_scores,final_processed_score_file
Bayelsa,2019,0.1931819752527147,29,Lower Need,TRAIN_2018_2020,True,Common 2018-2020 UBEC public school indicators,Capstone_Stage_ML1_Model_Ready_Dataset.xlsx,Model_Ready_Core_StateYear,beni_core_scores,final_processed_score_file
Bayelsa,2020,0.1840812271325031,34,Lower Need,TRAIN_2018_2020,True,Common 2018-2020 UBEC public school indicators,Capstone_Stage_ML1_Model_Ready_Dataset.xlsx,Model_Ready_Core_StateYear,beni_core_scores,final_processed_score_file
Bayelsa,2022,0.284009180739485,21,Medium Need,TEST_2022,True,2022 UBEC public school indicators with richer infrastructure fields,Capstone_Stage_ML1_Model_Ready_Dataset.xlsx,Model_Ready_Core_StateYear,beni_core_scores,final_processed_score_file
Benue,2018,0.2594343785156279,28,Lower Need,TRAIN_2018_2020,True,Common 2018-2020 UBEC public school indicators,Capstone_Stage_ML1_Model_Ready_Dataset.xlsx,Model_Ready_Core_StateYear,beni_core_scores,final_processed_score_file
Benue,2019,0.2522252402736915,22,Medium Need,TRAIN_2018_2020,True,Common 2018-2020 UBEC public school indicators,Capstone_Stage_ML1_Model_Ready_Dataset.xlsx,Model_Ready_Core_StateYear,beni_core_scores,final_processed_score_file
Benue,2020,0.25601872773049583,22,Medium Need,TRAIN_2018_2020,True,Common 2018-2020 UBEC public school indicators,Capstone_Stage_ML1_Model_Ready_Dataset.xlsx,Model_Ready_Core_StateYear,beni_core_scores,final_processed_score_file
Benue,2022,0.2340571650619915,25,Medium Need,TEST_2022,True,2022 UBEC public school indicators with richer infrastructure fields,Capstone_Stage_ML1_Model_Ready_Dataset.xlsx,Model_Ready_Core_StateYear,beni_core_scores,final_processed_score_file
Borno,2018,0.4819974172321306,7,High Need,TRAIN_2018_2020,True,Common 2018-2020 UBEC public school indicators,Capstone_Stage_ML1_Model_Ready_Dataset.xlsx,Model_Ready_Core_StateYear,beni_core_scores,final_processed_score_file
Borno,2019,0.49246644261251193,6,High Need,TRAIN_2018_2020,True,Common 2018-2020 UBEC public school indicators,Capstone_Stage_ML1_Model_Ready_Dataset.xlsx,Model_Ready_Core_StateYear,beni_core_scores,final_processed_score_file
Borno,2020,0.496093572927057,6,High Need,TRAIN_2018_2020,True,Common 2018-2020 UBEC public school indicators,Capstone_Stage_ML1_Model_Ready_Dataset.xlsx,Model_Ready_Core_StateYear,beni_core_scores,final_processed_score_file
Borno,2022,0.49572986437132477,6,High Need,TEST_2022,True,2022 UBEC public school indicators with richer infrastructure fields,Capstone_Stage_ML1_Model_Ready_Dataset.xlsx,Model_Ready_Core_StateYear,beni_core_scores,final_processed_score_file
Cross River,2018,0.2042145328385616,36,Lower Need,TRAIN_2018_2020,True,Common 2018-2020 UBEC public school indicators,Capstone_Stage_ML1_Model_Ready_Dataset.xlsx,Model_Ready_Core_StateYear,beni_core_scores,final_processed_score_file
Cross River,2019,0.17265429680671535,37,Lower Need,TRAIN_2018_2020,True,Common 2018-2020 UBEC public school indicators,Capstone_Stage_ML1_Model_Ready_Dataset.xlsx,Model_Ready_Core_StateYear,beni_core_scores,final_processed_score_file
Cross River,2020,0.17519647967165172,37,Lower Need,TRAIN_2018_2020,True,Common 2018-2020 UBEC public school indicators,Capstone_Stage_ML1_Model_Ready_Dataset.xlsx,Model_Ready_Core_StateYear,beni_core_scores,final_processed_score_file
Cross River,2022,0.18095001031583563,36,Lower Need,TEST_2022,True,2022 UBEC public school indicators with richer infrastructure fields,Capstone_Stage_ML1_Model_Ready_Dataset.xlsx,Model_Ready_Core_StateYear,beni_core_scores,final_processed_score_file
Delta,2018,0.2683612629513222,26,Lower Need,TRAIN_2018_2020,True,Common 2018-2020 UBEC public school indicators,Capstone_Stage_ML1_Model_Ready_Dataset.xlsx,Model_Ready_Core_StateYear,beni_core_scores,final_processed_score_file
Delta,2019,0.2173235948477811,25,Medium Need,TRAIN_2018_2020,True,Common 2018-2020 UBEC public school indicators,Capstone_Stage_ML1_Model_Ready_Dataset.xlsx,Model_Ready_Core_StateYear,beni_core_scores,final_processed_score_file
Delta,2020,0.21768172487178677,25,Medium Need,TRAIN_2018_2020,True,Common 2018-2020 UBEC public school indicators,Capstone_Stage_ML1_Model_Ready_Dataset.xlsx,Model_Ready_Core_StateYear,beni_core_scores,final_processed_score_file
Delta,2022,0.21015932948819582,31,Lower Need,TEST_2022,True,2022 UBEC public school indicators with richer infrastructure fields,Capstone_Stage_ML1_Model_Ready_Dataset.xlsx,Model_Ready_Core_StateYear,beni_core_scores,final_processed_score_file
Ebonyi,2018,0.3246343386482827,20,Medium Need,TRAIN_2018_2020,True,Common 2018-2020 UBEC public school indicators,Capstone_Stage_ML1_Model_Ready_Dataset.xlsx,Model_Ready_Core_StateYear,beni_core_scores,final_processed_score_file
Ebonyi,2019,0.2986190755040859,20,Medium Need,TRAIN_2018_2020,True,Common 2018-2020 UBEC public school indicators,Capstone_Stage_ML1_Model_Ready_Dataset.xlsx,Model_Ready_Core_StateYear,beni_core_scores,final_processed_score_file
Ebonyi,2020,0.301778120527817,20,Medium Need,TRAIN_2018_2020,True,Common 2018-2020 UBEC public school indicators,Capstone_Stage_ML1_Model_Ready_Dataset.xlsx,Model_Ready_Core_StateYear,beni_core_scores,final_processed_score_file
Ebonyi,2022,0.2616656162227856,22,Medium Need,TEST_2022,True,2022 UBEC public school indicators with richer infrastructure fields,Capstone_Stage_ML1_Model_Ready_Dataset.xlsx,Model_Ready_Core_StateYear,beni_core_scores,final_processed_score_file
Edo,2018,0.22128900998858886,31,Lower Need,TRAIN_2018_2020,True,Common 2018-2020 UBEC public school indicators,Capstone_Stage_ML1_Model_Ready_Dataset.xlsx,Model_Ready_Core_StateYear,beni_core_scores,final_processed_score_file
Edo,2019,0.2019329926926285,27,Lower Need,TRAIN_2018_2020,True,Common 2018-2020 UBEC public school indicators,Capstone_Stage_ML1_Model_Ready_Dataset.xlsx,Model_Ready_Core_StateYear,beni_core_scores,final_processed_score_file
Edo,2020,0.20760598461101504,27,Lower Need,TRAIN_2018_2020,True,Common 2018-2020 UBEC public school indicators,Capstone_Stage_ML1_Model_Ready_Dataset.xlsx,Model_Ready_Core_StateYear,beni_core_scores,final_processed_score_file
Edo,2022,0.23201160417018887,26,Lower Need,TEST_2022,True,2022 UBEC public school indicators with richer infrastructure fields,Capstone_Stage_ML1_Model_Ready_Dataset.xlsx,Model_Ready_Core_StateYear,beni_core_scores,final_processed_score_file
Ekiti,2018,0.2045617401306989,35,Lower Need,TRAIN_2018_2020,True,Common 2018-2020 UBEC public school indicators,Capstone_Stage_ML1_Model_Ready_Dataset.xlsx,Model_Ready_Core_StateYear,beni_core_scores,final_processed_score_file
Ekiti,2019,0.184650205603724,35,Lower Need,TRAIN_2018_2020,True,Common 2018-2020 UBEC public school indicators,Capstone_Stage_ML1_Model_Ready_Dataset.xlsx,Model_Ready_Core_StateYear,beni_core_scores,final_processed_score_file
Ekiti,2020,0.18703872155219722,32,Lower Need,TRAIN_2018_2020,True,Common 2018-2020 UBEC public school indicators,Capstone_Stage_ML1_Model_Ready_Dataset.xlsx,Model_Ready_Core_StateYear,beni_core_scores,final_processed_score_file
Ekiti,2022,0.16138707170275832,37,Lower Need,TEST_2022,True,2022 UBEC public school indicators with richer infrastructure fields,Capstone_Stage_ML1_Model_Ready_Dataset.xlsx,Model_Ready_Core_StateYear,beni_core_scores,final_processed_score_file
Enugu,2018,0.2546900031589669,29,Lower Need,TRAIN_2018_2020,True,Common 2018-2020 UBEC public school indicators,Capstone_Stage_ML1_Model_Ready_Dataset.xlsx,Model_Ready_Core_StateYear,beni_core_scores,final_processed_score_file
Enugu,2019,0.18026885653813518,36,Lower Need,TRAIN_2018_2020,True,Common 2018-2020 UBEC public school indicators,Capstone_Stage_ML1_Model_Ready_Dataset.xlsx,Model_Ready_Core_StateYear,beni_core_scores,final_processed_score_file
Enugu,2020,0.18375922485096655,35,Lower Need,TRAIN_2018_2020,True,Common 2018-2020 UBEC public school indicators,Capstone_Stage_ML1_Model_Ready_Dataset.xlsx,Model_Ready_Core_StateYear,beni_core_scores,final_processed_score_file
Enugu,2022,0.2466415230998113,24,Medium Need,TEST_2022,True,2022 UBEC public school indicators with richer infrastructure fields,Capstone_Stage_ML1_Model_Ready_Dataset.xlsx,Model_Ready_Core_StateYear,beni_core_scores,final_processed_score_file
FCT,2018,0.21514487644267927,32,Lower Need,TRAIN_2018_2020,True,Common 2018-2020 UBEC public school indicators,Capstone_Stage_ML1_Model_Ready_Dataset.xlsx,Model_Ready_Core_StateYear,beni_core_scores,final_processed_score_file
FCT,2019,0.19220859098191284,30,Lower Need,TRAIN_2018_2020,True,Common 2018-2020 UBEC public school indicators,Capstone_Stage_ML1_Model_Ready_Dataset.xlsx,Model_Ready_Core_StateYear,beni_core_scores,final_processed_score_file
FCT,2020,0.19400097378112788,29,Lower Need,TRAIN_2018_2020,True,Common 2018-2020 UBEC public school indicators,Capstone_Stage_ML1_Model_Ready_Dataset.xlsx,Model_Ready_Core_StateYear,beni_core_scores,final_processed_score_file
FCT,2022,0.2290236937480151,27,Lower Need,TEST_2022,True,2022 UBEC public school indicators with richer infrastructure fields,Capstone_Stage_ML1_Model_Ready_Dataset.xlsx,Model_Ready_Core_StateYear,beni_core_scores,final_processed_score_file
Gombe,2018,0.3947217937534817,12,High Need,TRAIN_2018_2020,True,Common 2018-2020 UBEC public school indicators,Capstone_Stage_ML1_Model_Ready_Dataset.xlsx,Model_Ready_Core_StateYear,beni_core_scores,final_processed_score_file
Gombe,2019,0.3971267611663291,13,High Need,TRAIN_2018_2020,True,Common 2018-2020 UBEC public school indicators,Capstone_Stage_ML1_Model_Ready_Dataset.xlsx,Model_Ready_Core_StateYear,beni_core_scores,final_processed_score_file
Gombe,2020,0.4041004143863064,12,High Need,TRAIN_2018_2020,True,Common 2018-2020 UBEC public school indicators,Capstone_Stage_ML1_Model_Ready_Dataset.xlsx,Model_Ready_Core_StateYear,beni_core_scores,final_processed_score_file
Gombe,2022,0.36315436714206206,15,Medium Need,TEST_2022,True,2022 UBEC public school indicators with richer infrastructure fields,Capstone_Stage_ML1_Model_Ready_Dataset.xlsx,Model_Ready_Core_StateYear,beni_core_scores,final_processed_score_file
Imo,2018,0.5290905925048779,4,High Need,TRAIN_2018_2020,True,Common 2018-2020 UBEC public school indicators,Capstone_Stage_ML1_Model_Ready_Dataset.xlsx,Model_Ready_Core_StateYear,beni_core_scores,final_processed_score_file
Imo,2019,0.4668264257300331,8,High Need,TRAIN_2018_2020,True,Common 2018-2020 UBEC public school indicators,Capstone_Stage_ML1_Model_Ready_Dataset.xlsx,Model_Ready_Core_StateYear,beni_core_scores,final_processed_score_file
Imo,2020,0.477922840589326,7,High Need,TRAIN_2018_2020,True,Common 2018-2020 UBEC public school indicators,Capstone_Stage_ML1_Model_Ready_Dataset.xlsx,Model_Ready_Core_StateYear,beni_core_scores,final_processed_score_file
Imo,2022,0.5933318135572309,2,High Need,TEST_2022,True,2022 UBEC public school indicators with richer infrastructure fields,Capstone_Stage_ML1_Model_Ready_Dataset.xlsx,Model_Ready_Core_StateYear,beni_core_scores,final_processed_score_file
Jigawa,2018,0.3938673594440414,13,High Need,TRAIN_2018_2020,True,Common 2018-2020 UBEC public school indicators,Capstone_Stage_ML1_Model_Ready_Dataset.xlsx,Model_Ready_Core_StateYear,beni_core_scores,final_processed_score_file
Jigawa,2019,0.43551481005677345,11,High Need,TRAIN_2018_2020,True,Common 2018-2020 UBEC public school indicators,Capstone_Stage_ML1_Model_Ready_Dataset.xlsx,Model_Ready_Core_StateYear,beni_core_scores,final_processed_score_file
Jigawa,2020,0.45901547115802827,10,High Need,TRAIN_2018_2020,True,Common 2018-2020 UBEC public school indicators,Capstone_Stage_ML1_Model_Ready_Dataset.xlsx,Model_Ready_Core_StateYear,beni_core_scores,final_processed_score_file
Jigawa,2022,0.4071738761055451,13,High Need,TEST_2022,True,2022 UBEC public school indicators with richer infrastructure fields,Capstone_Stage_ML1_Model_Ready_Dataset.xlsx,Model_Ready_Core_StateYear,beni_core_scores,final_processed_score_file
Kaduna,2018,0.4799257215159544,8,High Need,TRAIN_2018_2020,True,Common 2018-2020 UBEC public school indicators,Capstone_Stage_ML1_Model_Ready_Dataset.xlsx,Model_Ready_Core_StateYear,beni_core_scores,final_processed_score_file
Kaduna,2019,0.4597884704924147,9,High Need,TRAIN_2018_2020,True,Common 2018-2020 UBEC public school indicators,Capstone_Stage_ML1_Model_Ready_Dataset.xlsx,Model_Ready_Core_StateYear,beni_core_scores,final_processed_score_file
Kaduna,2020,0.4661699408652077,9,High Need,TRAIN_2018_2020,True,Common 2018-2020 UBEC public school indicators,Capstone_Stage_ML1_Model_Ready_Dataset.xlsx,Model_Ready_Core_StateYear,beni_core_scores,final_processed_score_file
Kaduna,2022,0.4986371728304316,4,High Need,TEST_2022,True,2022 UBEC public school indicators with richer infrastructure fields,Capstone_Stage_ML1_Model_Ready_Dataset.xlsx,Model_Ready_Core_StateYear,beni_core_scores,final_processed_score_file
Kano,2018,0.42732968917273373,10,High Need,TRAIN_2018_2020,True,Common 2018-2020 UBEC public school indicators,Capstone_Stage_ML1_Model_Ready_Dataset.xlsx,Model_Ready_Core_StateYear,beni_core_scores,final_processed_score_file
Kano,2019,0.4497240868103294,10,High Need,TRAIN_2018_2020,True,Common 2018-2020 UBEC public school indicators,Capstone_Stage_ML1_Model_Ready_Dataset.xlsx,Model_Ready_Core_StateYear,beni_core_scores,final_processed_score_file
Kano,2020,0.45651764309979714,11,High Need,TRAIN_2018_2020,True,Common 2018-2020 UBEC public school indicators,Capstone_Stage_ML1_Model_Ready_Dataset.xlsx,Model_Ready_Core_StateYear,beni_core_scores,final_processed_score_file
Kano,2022,0.4765985254552489,7,High Need,TEST_2022,True,2022 UBEC public school indicators with richer infrastructure fields,Capstone_Stage_ML1_Model_Ready_Dataset.xlsx,Model_Ready_Core_StateYear,beni_core_scores,final_processed_score_file
Katsina,2018,0.541670417505997,2,High Need,TRAIN_2018_2020,True,Common 2018-2020 UBEC public school indicators,Capstone_Stage_ML1_Model_Ready_Dataset.xlsx,Model_Ready_Core_StateYear,beni_core_scores,final_processed_score_file
Katsina,2019,0.5326277472881025,3,High Need,TRAIN_2018_2020,True,Common 2018-2020 UBEC public school indicators,Capstone_Stage_ML1_Model_Ready_Dataset.xlsx,Model_Ready_Core_StateYear,beni_core_scores,final_processed_score_file
Katsina,2020,0.5387386580363295,3,High Need,TRAIN_2018_2020,True,Common 2018-2020 UBEC public school indicators,Capstone_Stage_ML1_Model_Ready_Dataset.xlsx,Model_Ready_Core_StateYear,beni_core_scores,final_processed_score_file
Katsina,2022,0.661693597847635,1,High Need,TEST_2022,True,2022 UBEC public school indicators with richer infrastructure fields,Capstone_Stage_ML1_Model_Ready_Dataset.xlsx,Model_Ready_Core_StateYear,beni_core_scores,final_processed_score_file
Kebbi,2018,0.4846117619018034,6,High Need,TRAIN_2018_2020,True,Common 2018-2020 UBEC public school indicators,Capstone_Stage_ML1_Model_Ready_Dataset.xlsx,Model_Ready_Core_StateYear,beni_core_scores,final_processed_score_file
Kebbi,2019,0.4793120949772255,7,High Need,TRAIN_2018_2020,True,Common 2018-2020 UBEC public school indicators,Capstone_Stage_ML1_Model_Ready_Dataset.xlsx,Model_Ready_Core_StateYear,beni_core_scores,final_processed_score_file
Kebbi,2020,0.4778041463084846,8,High Need,TRAIN_2018_2020,True,Common 2018-2020 UBEC public school indicators,Capstone_Stage_ML1_Model_Ready_Dataset.xlsx,Model_Ready_Core_StateYear,beni_core_scores,final_processed_score_file
Kebbi,2022,0.42612297365964674,10,High Need,TEST_2022,True,2022 UBEC public school indicators with richer infrastructure fields,Capstone_Stage_ML1_Model_Ready_Dataset.xlsx,Model_Ready_Core_StateYear,beni_core_scores,final_processed_score_file
Kogi,2018,0.19823595897757976,37,Lower Need,TRAIN_2018_2020,True,Common 2018-2020 UBEC public school indicators,Capstone_Stage_ML1_Model_Ready_Dataset.xlsx,Model_Ready_Core_StateYear,beni_core_scores,final_processed_score_file
Kogi,2019,0.1879185080233687,32,Lower Need,TRAIN_2018_2020,True,Common 2018-2020 UBEC public school indicators,Capstone_Stage_ML1_Model_Ready_Dataset.xlsx,Model_Ready_Core_StateYear,beni_core_scores,final_processed_score_file
Kogi,2020,0.18881607883081242,31,Lower Need,TRAIN_2018_2020,True,Common 2018-2020 UBEC public school indicators,Capstone_Stage_ML1_Model_Ready_Dataset.xlsx,Model_Ready_Core_StateYear,beni_core_scores,final_processed_score_file
Kogi,2022,0.18563692317607422,35,Lower Need,TEST_2022,True,2022 UBEC public school indicators with richer infrastructure fields,Capstone_Stage_ML1_Model_Ready_Dataset.xlsx,Model_Ready_Core_StateYear,beni_core_scores,final_processed_score_file
Kwara,2018,0.2132890400670014,33,Lower Need,TRAIN_2018_2020,True,Common 2018-2020 UBEC public school indicators,Capstone_Stage_ML1_Model_Ready_Dataset.xlsx,Model_Ready_Core_StateYear,beni_core_scores,final_processed_score_file
Kwara,2019,0.185600554751789,34,Lower Need,TRAIN_2018_2020,True,Common 2018-2020 UBEC public school indicators,Capstone_Stage_ML1_Model_Ready_Dataset.xlsx,Model_Ready_Core_StateYear,beni_core_scores,final_processed_score_file
Kwara,2020,0.18650200186808868,33,Lower Need,TRAIN_2018_2020,True,Common 2018-2020 UBEC public school indicators,Capstone_Stage_ML1_Model_Ready_Dataset.xlsx,Model_Ready_Core_StateYear,beni_core_scores,final_processed_score_file
Kwara,2022,0.22585537037890963,28,Lower Need,TEST_2022,True,2022 UBEC public school indicators with richer infrastructure fields,Capstone_Stage_ML1_Model_Ready_Dataset.xlsx,Model_Ready_Core_StateYear,beni_core_scores,final_processed_score_file
Lagos,2018,0.2773453310387093,24,Medium Need,TRAIN_2018_2020,True,Common 2018-2020 UBEC public school indicators,Capstone_Stage_ML1_Model_Ready_Dataset.xlsx,Model_Ready_Core_StateYear,beni_core_scores,final_processed_score_file
Lagos,2019,0.22470886578073154,24,Medium Need,TRAIN_2018_2020,True,Common 2018-2020 UBEC public school indicators,Capstone_Stage_ML1_Model_Ready_Dataset.xlsx,Model_Ready_Core_StateYear,beni_core_scores,final_processed_score_file
Lagos,2020,0.23084706439127434,24,Medium Need,TRAIN_2018_2020,True,Common 2018-2020 UBEC public school indicators,Capstone_Stage_ML1_Model_Ready_Dataset.xlsx,Model_Ready_Core_StateYear,beni_core_scores,final_processed_score_file
Lagos,2022,0.18775775124095123,34,Lower Need,TEST_2022,True,2022 UBEC public school indicators with richer infrastructure fields,Capstone_Stage_ML1_Model_Ready_Dataset.xlsx,Model_Ready_Core_StateYear,beni_core_scores,final_processed_score_file
Nasarawa,2018,0.3306133504024309,19,Medium Need,TRAIN_2018_2020,True,Common 2018-2020 UBEC public school indicators,Capstone_Stage_ML1_Model_Ready_Dataset.xlsx,Model_Ready_Core_StateYear,beni_core_scores,final_processed_score_file
Nasarawa,2019,0.3341412535820715,19,Medium Need,TRAIN_2018_2020,True,Common 2018-2020 UBEC public school indicators,Capstone_Stage_ML1_Model_Ready_Dataset.xlsx,Model_Ready_Core_StateYear,beni_core_scores,final_processed_score_file
Nasarawa,2020,0.3294669617978016,19,Medium Need,TRAIN_2018_2020,True,Common 2018-2020 UBEC public school indicators,Capstone_Stage_ML1_Model_Ready_Dataset.xlsx,Model_Ready_Core_StateYear,beni_core_scores,final_processed_score_file
Nasarawa,2022,0.285067386419778,20,Medium Need,TEST_2022,True,2022 UBEC public school indicators with richer infrastructure fields,Capstone_Stage_ML1_Model_Ready_Dataset.xlsx,Model_Ready_Core_StateYear,beni_core_scores,final_processed_score_file
Niger,2018,0.40040349304140516,11,High Need,TRAIN_2018_2020,True,Common 2018-2020 UBEC public school indicators,Capstone_Stage_ML1_Model_Ready_Dataset.xlsx,Model_Ready_Core_StateYear,beni_core_scores,final_processed_score_file
Niger,2019,0.4001508267781973,12,High Need,TRAIN_2018_2020,True,Common 2018-2020 UBEC public school indicators,Capstone_Stage_ML1_Model_Ready_Dataset.xlsx,Model_Ready_Core_StateYear,beni_core_scores,final_processed_score_file
Niger,2020,0.399714732150612,13,High Need,TRAIN_2018_2020,True,Common 2018-2020 UBEC public school indicators,Capstone_Stage_ML1_Model_Ready_Dataset.xlsx,Model_Ready_Core_StateYear,beni_core_scores,final_processed_score_file
Niger,2022,0.36113511051051705,16,Medium Need,TEST_2022,True,2022 UBEC public school indicators with richer infrastructure fields,Capstone_Stage_ML1_Model_Ready_Dataset.xlsx,Model_Ready_Core_StateYear,beni_core_scores,final_processed_score_file
Ogun,2018,0.23054463763785202,30,Lower Need,TRAIN_2018_2020,True,Common 2018-2020 UBEC public school indicators,Capstone_Stage_ML1_Model_Ready_Dataset.xlsx,Model_Ready_Core_StateYear,beni_core_scores,final_processed_score_file
Ogun,2019,0.18748000291677142,33,Lower Need,TRAIN_2018_2020,True,Common 2018-2020 UBEC public school indicators,Capstone_Stage_ML1_Model_Ready_Dataset.xlsx,Model_Ready_Core_StateYear,beni_core_scores,final_processed_score_file
Ogun,2020,0.19246617593986368,30,Lower Need,TRAIN_2018_2020,True,Common 2018-2020 UBEC public school indicators,Capstone_Stage_ML1_Model_Ready_Dataset.xlsx,Model_Ready_Core_StateYear,beni_core_scores,final_processed_score_file
Ogun,2022,0.2166145958886858,29,Lower Need,TEST_2022,True,2022 UBEC public school indicators with richer infrastructure fields,Capstone_Stage_ML1_Model_Ready_Dataset.xlsx,Model_Ready_Core_StateYear,beni_core_scores,final_processed_score_file
Ondo,2018,0.47309796194681486,9,High Need,TRAIN_2018_2020,True,Common 2018-2020 UBEC public school indicators,Capstone_Stage_ML1_Model_Ready_Dataset.xlsx,Model_Ready_Core_StateYear,beni_core_scores,final_processed_score_file
Ondo,2019,0.5135057887997018,4,High Need,TRAIN_2018_2020,True,Common 2018-2020 UBEC public school indicators,Capstone_Stage_ML1_Model_Ready_Dataset.xlsx,Model_Ready_Core_StateYear,beni_core_scores,final_processed_score_file
Ondo,2020,0.5382123982185781,4,High Need,TRAIN_2018_2020,True,Common 2018-2020 UBEC public school indicators,Capstone_Stage_ML1_Model_Ready_Dataset.xlsx,Model_Ready_Core_StateYear,beni_core_scores,final_processed_score_file
Ondo,2022,0.32212263339768965,19,Medium Need,TEST_2022,True,2022 UBEC public school indicators with richer infrastructure fields,Capstone_Stage_ML1_Model_Ready_Dataset.xlsx,Model_Ready_Core_StateYear,beni_core_scores,final_processed_score_file
Osun,2018,0.2091914530818077,34,Lower Need,TRAIN_2018_2020,True,Common 2018-2020 UBEC public school indicators,Capstone_Stage_ML1_Model_Ready_Dataset.xlsx,Model_Ready_Core_StateYear,beni_core_scores,final_processed_score_file
Osun,2019,0.19140452595962004,31,Lower Need,TRAIN_2018_2020,True,Common 2018-2020 UBEC public school indicators,Capstone_Stage_ML1_Model_Ready_Dataset.xlsx,Model_Ready_Core_StateYear,beni_core_scores,final_processed_score_file
Osun,2020,0.17794810120428195,36,Lower Need,TRAIN_2018_2020,True,Common 2018-2020 UBEC public school indicators,Capstone_Stage_ML1_Model_Ready_Dataset.xlsx,Model_Ready_Core_StateYear,beni_core_scores,final_processed_score_file
Osun,2022,0.19519408489702178,33,Lower Need,TEST_2022,True,2022 UBEC public school indicators with richer infrastructure fields,Capstone_Stage_ML1_Model_Ready_Dataset.xlsx,Model_Ready_Core_StateYear,beni_core_scores,final_processed_score_file
Oyo,2018,0.3465408261055973,18,Medium Need,TRAIN_2018_2020,True,Common 2018-2020 UBEC public school indicators,Capstone_Stage_ML1_Model_Ready_Dataset.xlsx,Model_Ready_Core_StateYear,beni_core_scores,final_processed_score_file
Oyo,2019,0.36561974819700505,18,Medium Need,TRAIN_2018_2020,True,Common 2018-2020 UBEC public school indicators,Capstone_Stage_ML1_Model_Ready_Dataset.xlsx,Model_Ready_Core_StateYear,beni_core_scores,final_processed_score_file
Oyo,2020,0.3757245650647708,18,Medium Need,TRAIN_2018_2020,True,Common 2018-2020 UBEC public school indicators,Capstone_Stage_ML1_Model_Ready_Dataset.xlsx,Model_Ready_Core_StateYear,beni_core_scores,final_processed_score_file
Oyo,2022,0.4957336120811746,5,High Need,TEST_2022,True,2022 UBEC public school indicators with richer infrastructure fields,Capstone_Stage_ML1_Model_Ready_Dataset.xlsx,Model_Ready_Core_StateYear,beni_core_scores,final_processed_score_file
Plateau,2018,0.3000646654574584,21,Medium Need,TRAIN_2018_2020,True,Common 2018-2020 UBEC public school indicators,Capstone_Stage_ML1_Model_Ready_Dataset.xlsx,Model_Ready_Core_StateYear,beni_core_scores,final_processed_score_file
Plateau,2019,0.2860701430568434,21,Medium Need,TRAIN_2018_2020,True,Common 2018-2020 UBEC public school indicators,Capstone_Stage_ML1_Model_Ready_Dataset.xlsx,Model_Ready_Core_StateYear,beni_core_scores,final_processed_score_file
Plateau,2020,0.28689983973245803,21,Medium Need,TRAIN_2018_2020,True,Common 2018-2020 UBEC public school indicators,Capstone_Stage_ML1_Model_Ready_Dataset.xlsx,Model_Ready_Core_StateYear,beni_core_scores,final_processed_score_file
Plateau,2022,0.26024194390294036,23,Medium Need,TEST_2022,True,2022 UBEC public school indicators with richer infrastructure fields,Capstone_Stage_ML1_Model_Ready_Dataset.xlsx,Model_Ready_Core_StateYear,beni_core_scores,final_processed_score_file
Rivers,2018,0.282861476563473,22,Medium Need,TRAIN_2018_2020,True,Common 2018-2020 UBEC public school indicators,Capstone_Stage_ML1_Model_Ready_Dataset.xlsx,Model_Ready_Core_StateYear,beni_core_scores,final_processed_score_file
Rivers,2019,0.23686382639020342,23,Medium Need,TRAIN_2018_2020,True,Common 2018-2020 UBEC public school indicators,Capstone_Stage_ML1_Model_Ready_Dataset.xlsx,Model_Ready_Core_StateYear,beni_core_scores,final_processed_score_file
Rivers,2020,0.24148454778715817,23,Medium Need,TRAIN_2018_2020,True,Common 2018-2020 UBEC public school indicators,Capstone_Stage_ML1_Model_Ready_Dataset.xlsx,Model_Ready_Core_StateYear,beni_core_scores,final_processed_score_file
Rivers,2022,0.3355317013527512,18,Medium Need,TEST_2022,True,2022 UBEC public school indicators with richer infrastructure fields,Capstone_Stage_ML1_Model_Ready_Dataset.xlsx,Model_Ready_Core_StateYear,beni_core_scores,final_processed_score_file
Sokoto,2018,0.5057665346762947,5,High Need,TRAIN_2018_2020,True,Common 2018-2020 UBEC public school indicators,Capstone_Stage_ML1_Model_Ready_Dataset.xlsx,Model_Ready_Core_StateYear,beni_core_scores,final_processed_score_file
Sokoto,2019,0.5125317701787186,5,High Need,TRAIN_2018_2020,True,Common 2018-2020 UBEC public school indicators,Capstone_Stage_ML1_Model_Ready_Dataset.xlsx,Model_Ready_Core_StateYear,beni_core_scores,final_processed_score_file
Sokoto,2020,0.5210254496896275,5,High Need,TRAIN_2018_2020,True,Common 2018-2020 UBEC public school indicators,Capstone_Stage_ML1_Model_Ready_Dataset.xlsx,Model_Ready_Core_StateYear,beni_core_scores,final_processed_score_file
Sokoto,2022,0.45248419575066434,8,High Need,TEST_2022,True,2022 UBEC public school indicators with richer infrastructure fields,Capstone_Stage_ML1_Model_Ready_Dataset.xlsx,Model_Ready_Core_StateYear,beni_core_scores,final_processed_score_file
Taraba,2018,0.36628198348105245,17,Medium Need,TRAIN_2018_2020,True,Common 2018-2020 UBEC public school indicators,Capstone_Stage_ML1_Model_Ready_Dataset.xlsx,Model_Ready_Core_StateYear,beni_core_scores,final_processed_score_file
Taraba,2019,0.37292131422446617,16,Medium Need,TRAIN_2018_2020,True,Common 2018-2020 UBEC public school indicators,Capstone_Stage_ML1_Model_Ready_Dataset.xlsx,Model_Ready_Core_StateYear,beni_core_scores,final_processed_score_file
Taraba,2020,0.37730871271852673,16,Medium Need,TRAIN_2018_2020,True,Common 2018-2020 UBEC public school indicators,Capstone_Stage_ML1_Model_Ready_Dataset.xlsx,Model_Ready_Core_StateYear,beni_core_scores,final_processed_score_file
Taraba,2022,0.37638454837015,14,Medium Need,TEST_2022,True,2022 UBEC public school indicators with richer infrastructure fields,Capstone_Stage_ML1_Model_Ready_Dataset.xlsx,Model_Ready_Core_StateYear,beni_core_scores,final_processed_score_file
Yobe,2018,0.5344731906649363,3,High Need,TRAIN_2018_2020,True,Common 2018-2020 UBEC public school indicators,Capstone_Stage_ML1_Model_Ready_Dataset.xlsx,Model_Ready_Core_StateYear,beni_core_scores,final_processed_score_file
Yobe,2019,0.6279977531745827,1,High Need,TRAIN_2018_2020,True,Common 2018-2020 UBEC public school indicators,Capstone_Stage_ML1_Model_Ready_Dataset.xlsx,Model_Ready_Core_StateYear,beni_core_scores,final_processed_score_file
Yobe,2020,0.6281701092147027,1,High Need,TRAIN_2018_2020,True,Common 2018-2020 UBEC public school indicators,Capstone_Stage_ML1_Model_Ready_Dataset.xlsx,Model_Ready_Core_StateYear,beni_core_scores,final_processed_score_file
Yobe,2022,0.5539562787940847,3,High Need,TEST_2022,True,2022 UBEC public school indicators with richer infrastructure fields,Capstone_Stage_ML1_Model_Ready_Dataset.xlsx,Model_Ready_Core_StateYear,beni_core_scores,final_processed_score_file
Zamfara,2018,0.3817012229887161,14,Medium Need,TRAIN_2018_2020,True,Common 2018-2020 UBEC public school indicators,Capstone_Stage_ML1_Model_Ready_Dataset.xlsx,Model_Ready_Core_StateYear,beni_core_scores,final_processed_score_file
Zamfara,2019,0.3861109310217992,14,Medium Need,TRAIN_2018_2020,True,Common 2018-2020 UBEC public school indicators,Capstone_Stage_ML1_Model_Ready_Dataset.xlsx,Model_Ready_Core_StateYear,beni_core_scores,final_processed_score_file
Zamfara,2020,0.3871323454997163,15,Medium Need,TRAIN_2018_2020,True,Common 2018-2020 UBEC public school indicators,Capstone_Stage_ML1_Model_Ready_Dataset.xlsx,Model_Ready_Core_StateYear,beni_core_scores,final_processed_score_file
Zamfara,2022,0.44501135057134994,9,High Need,TEST_2022,True,2022 UBEC public school indicators with richer infrastructure fields,Capstone_Stage_ML1_Model_Ready_Dataset.xlsx,Model_Ready_Core_StateYear,beni_core_scores,final_processed_score_file
