state,year,target_beni_core_score,beni_rank_within_year,priority_band_within_year,pupil_teacher_ratio,pupil_classroom_ratio,unqualified_teacher_share,bad_classroom_share,enrolment_per_school,matching_grant_million_naira,core_indicator_completeness,split_group,model_ready_flag,source_note,target_beni_expanded_score,beni_expanded_rank,nbs_socioeconomic_need_proxy,school_age_basic_population,dmo_domestic_debt_stock_naira,fiscal_pressure_band,matching_grant_2018_2022_naira,cv_fold,source_file,source_sheets,merge_status,cleaning_status,interim_note
Abia,2018,0.2811446244790875,23,Medium Need,16.316241165440648,23.249511869283733,0.26929179287465743,0.5369437878943583,111.94507669470559,1473.8328392,1,TRAIN_2018_2020,True,Common 2018-2020 UBEC public school indicators,,,,,,,,,Capstone_Stage_ML1_Model_Ready_Dataset.xlsx,Model_Ready_Core_StateYear; Model_Ready_Expanded_2022,core_state_year_only,interim_merged,Interim state-year merge. Core UBEC-derived rows are retained for all available years; expanded NBS/DMO/context fields are joined where available for 2022.
Abia,2019,0.20965983432422913,26,Lower Need,24.73072295745379,22.9696261682243,0.0784206496773488,0.5307801706623324,110.89406571848946,1519.88407868,1,TRAIN_2018_2020,True,Common 2018-2020 UBEC public school indicators,,,,,,,,,Capstone_Stage_ML1_Model_Ready_Dataset.xlsx,Model_Ready_Core_StateYear; Model_Ready_Expanded_2022,core_state_year_only,interim_merged,Interim state-year merge. Core UBEC-derived rows are retained for all available years; expanded NBS/DMO/context fields are joined where available for 2022.
Abia,2020,0.2107342999775496,26,Lower Need,24.693421332765595,23.5646078829744,0.07738982329146264,0.5307801706623324,113.87825233186058,0.0,1,TRAIN_2018_2020,True,Common 2018-2020 UBEC public school indicators,,,,,,,,,Capstone_Stage_ML1_Model_Ready_Dataset.xlsx,Model_Ready_Core_StateYear; Model_Ready_Expanded_2022,core_state_year_only,interim_merged,Interim state-year merge. Core UBEC-derived rows are retained for all available years; expanded NBS/DMO/context fields are joined where available for 2022.
Abia,2022,0.21027488100596567,30,Lower Need,30.500511770726714,30.594455852156056,0.1142644458918768,0.41179764793727835,279.9222886421862,0.0,1,TEST_2022,True,2022 UBEC public school indicators with richer infrastructure fields,0.2269636974552347,34.0,0.297362,1275605.0,104573334025.73,Medium,2993716917.88,1.0,Capstone_Stage_ML1_Model_Ready_Dataset.xlsx,Model_Ready_Core_StateYear; Model_Ready_Expanded_2022,merged_with_expanded_2022_context,interim_merged,Interim state-year merge. Core UBEC-derived rows are retained for all available years; expanded NBS/DMO/context fields are joined where available for 2022.
Adamawa,2018,0.3727462947680726,16,Medium Need,24.037105390966488,47.66829330936176,0.28340618423182773,0.5452677539488892,256.96988577362407,1473.8328392,1,TRAIN_2018_2020,True,Common 2018-2020 UBEC public school indicators,,,,,,,,,Capstone_Stage_ML1_Model_Ready_Dataset.xlsx,Model_Ready_Core_StateYear; Model_Ready_Expanded_2022,core_state_year_only,interim_merged,Interim state-year merge. Core UBEC-derived rows are retained for all available years; expanded NBS/DMO/context fields are joined where available for 2022.
Adamawa,2019,0.3721854271050057,17,Medium Need,26.435919295254333,47.786310517529216,0.2720943449843706,0.5452677539488892,257.6060920733818,1519.88407886,1,TRAIN_2018_2020,True,Common 2018-2020 UBEC public school indicators,,,,,,,,,Capstone_Stage_ML1_Model_Ready_Dataset.xlsx,Model_Ready_Core_StateYear; Model_Ready_Expanded_2022,core_state_year_only,interim_merged,Interim state-year merge. Core UBEC-derived rows are retained for all available years; expanded NBS/DMO/context fields are joined where available for 2022.
Adamawa,2020,0.37699920089024175,17,Medium Need,28.030739924550854,48.187170925902144,0.2747170657005192,0.5452677539488892,259.76704742125304,715.07413514,1,TRAIN_2018_2020,True,Common 2018-2020 UBEC public school indicators,,,,,,,,,Capstone_Stage_ML1_Model_Ready_Dataset.xlsx,Model_Ready_Core_StateYear; Model_Ready_Expanded_2022,core_state_year_only,interim_merged,Interim state-year merge. Core UBEC-derived rows are retained for all available years; expanded NBS/DMO/context fields are joined where available for 2022.
Adamawa,2022,0.34403684036981236,17,Medium Need,31.352943366720037,55.44883445278546,0.25565029601221284,0.4401422362702489,348.96228760878574,0.0,1,TEST_2022,True,2022 UBEC public school indicators with richer infrastructure fields,0.47821127842868133,15.0,0.58143,1647586.0,122481259391.92,Medium,4655437717.68,2.0,Capstone_Stage_ML1_Model_Ready_Dataset.xlsx,Model_Ready_Core_StateYear; Model_Ready_Expanded_2022,merged_with_expanded_2022_context,interim_merged,Interim state-year merge. Core UBEC-derived rows are retained for all available years; expanded NBS/DMO/context fields are joined where available for 2022.
Akwa Ibom,2018,0.5605002047151899,1,High Need,102.70476706392199,71.98185200653025,0.214409534127844,0.4804282622726755,739.730784237222,1473.83709721,1,TRAIN_2018_2020,True,Common 2018-2020 UBEC public school indicators,,,,,,,,,Capstone_Stage_ML1_Model_Ready_Dataset.xlsx,Model_Ready_Core_StateYear; Model_Ready_Expanded_2022,core_state_year_only,interim_merged,Interim state-year merge. Core UBEC-derived rows are retained for all available years; expanded NBS/DMO/context fields are joined where available for 2022.
Akwa Ibom,2019,0.5646110565482891,2,High Need,132.46388206388207,71.2512932824831,0.11842751842751843,0.47781595740663824,733.3649436455499,1519.88407886,1,TRAIN_2018_2020,True,Common 2018-2020 UBEC public school indicators,,,,,,,,,Capstone_Stage_ML1_Model_Ready_Dataset.xlsx,Model_Ready_Core_StateYear; Model_Ready_Expanded_2022,core_state_year_only,interim_merged,Interim state-year merge. Core UBEC-derived rows are retained for all available years; expanded NBS/DMO/context fields are joined where available for 2022.
Akwa Ibom,2020,0.553382046589419,2,High Need,124.15404986435861,72.58063663482234,0.11303449166774318,0.47781595740663824,747.0474154683249,715.07413514,1,TRAIN_2018_2020,True,Common 2018-2020 UBEC public school indicators,,,,,,,,,Capstone_Stage_ML1_Model_Ready_Dataset.xlsx,Model_Ready_Core_StateYear; Model_Ready_Expanded_2022,core_state_year_only,interim_merged,Interim state-year merge. Core UBEC-derived rows are retained for all available years; expanded NBS/DMO/context fields are joined where available for 2022.
Akwa Ibom,2022,0.4121288349029659,12,High Need,55.88285513918956,50.26024241759447,0.10266182882580724,0.3373553447046564,1310.071479628306,1204.45235376,1,TEST_2022,True,2022 UBEC public school indicators with richer infrastructure fields,0.4495622968005901,17.0,0.478009,1383961.0,219617660991.63,High,5859894329.45,3.0,Capstone_Stage_ML1_Model_Ready_Dataset.xlsx,Model_Ready_Core_StateYear; Model_Ready_Expanded_2022,merged_with_expanded_2022_context,interim_merged,Interim state-year merge. Core UBEC-derived rows are retained for all available years; expanded NBS/DMO/context fields are joined where available for 2022.
Anambra,2018,0.27353723863589197,25,Medium Need,34.33136812900988,40.909635649838144,0.30304606670134676,0.34196570011708793,259.9417943107221,1473.8328452,1,TRAIN_2018_2020,True,Common 2018-2020 UBEC public school indicators,,,,,,,,,Capstone_Stage_ML1_Model_Ready_Dataset.xlsx,Model_Ready_Core_StateYear; Model_Ready_Expanded_2022,core_state_year_only,interim_merged,Interim state-year merge. Core UBEC-derived rows are retained for all available years; expanded NBS/DMO/context fields are joined where available for 2022.
Anambra,2019,0.19576253484218395,28,Lower Need,44.42159440979788,40.71953991321716,0.08257570065369299,0.34196570011708793,258.7339168490153,1519.88407886,1,TRAIN_2018_2020,True,Common 2018-2020 UBEC public school indicators,,,,,,,,,Capstone_Stage_ML1_Model_Ready_Dataset.xlsx,Model_Ready_Core_StateYear; Model_Ready_Expanded_2022,core_state_year_only,interim_merged,Interim state-year merge. Core UBEC-derived rows are retained for all available years; expanded NBS/DMO/context fields are joined where available for 2022.
Anambra,2020,0.20642587068340915,28,Lower Need,47.2217387926346,41.86176733934844,0.08911506487452413,0.34196570011708793,266.10814360770576,715.07413514,1,TRAIN_2018_2020,True,Common 2018-2020 UBEC public school indicators,,,,,,,,,Capstone_Stage_ML1_Model_Ready_Dataset.xlsx,Model_Ready_Core_StateYear; Model_Ready_Expanded_2022,core_state_year_only,interim_merged,Interim state-year merge. Core UBEC-derived rows are retained for all available years; expanded NBS/DMO/context fields are joined where available for 2022.
Anambra,2022,0.20219177981346675,32,Lower Need,21.699371623856244,30.01906359615678,0.18994598169992283,0.3623608357480555,295.54804804804803,0.0,1,TEST_2022,True,2022 UBEC public school indicators with richer infrastructure fields,0.21836104564241002,35.0,0.201208,1847508.0,75696142356.69,Low,4655437723.68,4.0,Capstone_Stage_ML1_Model_Ready_Dataset.xlsx,Model_Ready_Core_StateYear; Model_Ready_Expanded_2022,merged_with_expanded_2022_context,interim_merged,Interim state-year merge. Core UBEC-derived rows are retained for all available years; expanded NBS/DMO/context fields are joined where available for 2022.
Bauchi,2018,0.3765244005912122,15,Medium Need,34.834669050735975,61.26731060818779,0.19847376991602542,0.5427079238501713,250.6863511029412,1473.8328392,1,TRAIN_2018_2020,True,Common 2018-2020 UBEC public school indicators,,,,,,,,,Capstone_Stage_ML1_Model_Ready_Dataset.xlsx,Model_Ready_Core_StateYear; Model_Ready_Expanded_2022,core_state_year_only,interim_merged,Interim state-year merge. Core UBEC-derived rows are retained for all available years; expanded NBS/DMO/context fields are joined where available for 2022.
Bauchi,2019,0.384478195272105,15,Medium Need,43.267692185703524,60.978990892328326,0.18986639178527534,0.5399787673911829,249.67764813543812,1519.86407886,1,TRAIN_2018_2020,True,Common 2018-2020 UBEC public school indicators,,,,,,,,,Capstone_Stage_ML1_Model_Ready_Dataset.xlsx,Model_Ready_Core_StateYear; Model_Ready_Expanded_2022,core_state_year_only,interim_merged,Interim state-year merge. Core UBEC-derived rows are retained for all available years; expanded NBS/DMO/context fields are joined where available for 2022.
Bauchi,2020,0.3926951365885345,14,Medium Need,46.948036459664365,61.51956242674555,0.19260584376863446,0.5393760116090863,251.94194285714286,715.07413514,1,TRAIN_2018_2020,True,Common 2018-2020 UBEC public school indicators,,,,,,,,,Capstone_Stage_ML1_Model_Ready_Dataset.xlsx,Model_Ready_Core_StateYear; Model_Ready_Expanded_2022,core_state_year_only,interim_merged,Interim state-year merge. Core UBEC-derived rows are retained for all available years; expanded NBS/DMO/context fields are joined where available for 2022.
Bauchi,2022,0.4195484300476191,11,High Need,47.83133020228542,72.59805792546027,0.12895233164453979,0.5721261787157611,337.7923739879864,0.0,1,TEST_2022,True,2022 UBEC public school indicators with richer infrastructure fields,0.5399745234943202,10.0,0.703399,3166166.0,144278030172.82,High,4655417717.059999,5.0,Capstone_Stage_ML1_Model_Ready_Dataset.xlsx,Model_Ready_Core_StateYear; Model_Ready_Expanded_2022,merged_with_expanded_2022_context,interim_merged,Interim state-year merge. Core UBEC-derived rows are retained for all available years; expanded NBS/DMO/context fields are joined where available for 2022.
Bayelsa,2018,0.26368993140964747,27,Lower Need,15.113072877535688,30.92313604919293,0.2716003005259204,0.46758903407635155,160.49601063829786,1473.83284521,1,TRAIN_2018_2020,True,Common 2018-2020 UBEC public school indicators,,,,,,,,,Capstone_Stage_ML1_Model_Ready_Dataset.xlsx,Model_Ready_Core_StateYear; Model_Ready_Expanded_2022,core_state_year_only,interim_merged,Interim state-year merge. Core UBEC-derived rows are retained for all available years; expanded NBS/DMO/context fields are joined where available for 2022.
Bayelsa,2019,0.1931819752527147,29,Lower Need,18.72459975369458,28.045884251786948,0.17256773399014777,0.42079778648835603,141.4360465116279,1519.86407886,1,TRAIN_2018_2020,True,Common 2018-2020 UBEC public school indicators,,,,,,,,,Capstone_Stage_ML1_Model_Ready_Dataset.xlsx,Model_Ready_Core_StateYear; Model_Ready_Expanded_2022,core_state_year_only,interim_merged,Interim state-year merge. Core UBEC-derived rows are retained for all available years; expanded NBS/DMO/context fields are joined where available for 2022.
Bayelsa,2020,0.1840812271325031,34,Lower Need,15.04129285977633,28.1617579383341,0.1657859161853263,0.4199263690750115,141.98491879350348,715.07413514,1,TRAIN_2018_2020,True,Common 2018-2020 UBEC public school indicators,,,,,,,,,Capstone_Stage_ML1_Model_Ready_Dataset.xlsx,Model_Ready_Core_StateYear; Model_Ready_Expanded_2022,core_state_year_only,interim_merged,Interim state-year merge. Core UBEC-derived rows are retained for all available years; expanded NBS/DMO/context fields are joined where available for 2022.
Bayelsa,2022,0.284009180739485,21,Medium Need,21.391297262059975,30.833215879727508,0.19214471968709257,0.538642236316655,188.3170731707317,1204.45235376,1,TEST_2022,True,2022 UBEC public school indicators with richer infrastructure fields,0.3938476408749833,19.0,0.598393,794008.0,151158248963.07,High,5859870077.45,1.0,Capstone_Stage_ML1_Model_Ready_Dataset.xlsx,Model_Ready_Core_StateYear; Model_Ready_Expanded_2022,merged_with_expanded_2022_context,interim_merged,Interim state-year merge. Core UBEC-derived rows are retained for all available years; expanded NBS/DMO/context fields are joined where available for 2022.
Benue,2018,0.2594343785156279,28,Lower Need,18.529801597102164,25.078718662952646,0.13126697950111138,0.5841225626740947,135.46885344568162,1473.8328392,1,TRAIN_2018_2020,True,Common 2018-2020 UBEC public school indicators,,,,,,,,,Capstone_Stage_ML1_Model_Ready_Dataset.xlsx,Model_Ready_Core_StateYear; Model_Ready_Expanded_2022,core_state_year_only,interim_merged,Interim state-year merge. Core UBEC-derived rows are retained for all available years; expanded NBS/DMO/context fields are joined where available for 2022.
Benue,2019,0.2522252402736915,22,Medium Need,23.416053477044255,25.174540389972144,0.09488029847652607,0.5841225626740947,135.98645801986157,1519.86407886,1,TRAIN_2018_2020,True,Common 2018-2020 UBEC public school indicators,,,,,,,,,Capstone_Stage_ML1_Model_Ready_Dataset.xlsx,Model_Ready_Core_StateYear; Model_Ready_Expanded_2022,core_state_year_only,interim_merged,Interim state-year merge. Core UBEC-derived rows are retained for all available years; expanded NBS/DMO/context fields are joined where available for 2022.
Benue,2020,0.25601872773049583,22,Medium Need,25.669701425016964,25.289303621169918,0.09432255145894594,0.5841225626740947,136.77101536607412,715.07413514,1,TRAIN_2018_2020,True,Common 2018-2020 UBEC public school indicators,,,,,,,,,Capstone_Stage_ML1_Model_Ready_Dataset.xlsx,Model_Ready_Core_StateYear; Model_Ready_Expanded_2022,core_state_year_only,interim_merged,Interim state-year merge. Core UBEC-derived rows are retained for all available years; expanded NBS/DMO/context fields are joined where available for 2022.
Benue,2022,0.2340571650619915,25,Medium Need,24.527340860904296,25.47833435771358,0.11015235935111681,0.5301167793484942,153.43584207279457,0.0,1,TEST_2022,True,2022 UBEC public school indicators with richer infrastructure fields,0.3440312861214429,23.0,0.67801,1936067.0,143368150982.89,Medium,4655417717.68,2.0,Capstone_Stage_ML1_Model_Ready_Dataset.xlsx,Model_Ready_Core_StateYear; Model_Ready_Expanded_2022,merged_with_expanded_2022_context,interim_merged,Interim state-year merge. Core UBEC-derived rows are retained for all available years; expanded NBS/DMO/context fields are joined where available for 2022.
Borno,2018,0.4819974172321306,7,High Need,30.945400703312973,73.78552515445719,0.30270220248010365,0.5606796116504854,460.9179875947622,1473.8328452,1,TRAIN_2018_2020,True,Common 2018-2020 UBEC public school indicators,,,,,,,,,Capstone_Stage_ML1_Model_Ready_Dataset.xlsx,Model_Ready_Core_StateYear; Model_Ready_Expanded_2022,core_state_year_only,interim_merged,Interim state-year merge. Core UBEC-derived rows are retained for all available years; expanded NBS/DMO/context fields are joined where available for 2022.
Borno,2019,0.49246644261251193,6,High Need,46.35014569168864,73.70818623124448,0.2684889690578604,0.5606796116504854,460.43487250172296,1519.8840788,1,TRAIN_2018_2020,True,Common 2018-2020 UBEC public school indicators,,,,,,,,,Capstone_Stage_ML1_Model_Ready_Dataset.xlsx,Model_Ready_Core_StateYear; Model_Ready_Expanded_2022,core_state_year_only,interim_merged,Interim state-year merge. Core UBEC-derived rows are retained for all available years; expanded NBS/DMO/context fields are joined where available for 2022.
Borno,2020,0.496093572927057,6,High Need,47.179886784541196,74.48113415710503,0.26864211335523097,0.5606796116504854,465.263266712612,715.07413514,1,TRAIN_2018_2020,True,Common 2018-2020 UBEC public school indicators,,,,,,,,,Capstone_Stage_ML1_Model_Ready_Dataset.xlsx,Model_Ready_Core_StateYear; Model_Ready_Expanded_2022,core_state_year_only,interim_merged,Interim state-year merge. Core UBEC-derived rows are retained for all available years; expanded NBS/DMO/context fields are joined where available for 2022.
Borno,2022,0.49572986437132477,6,High Need,48.71341429906028,80.73941160397122,0.313458262350937,0.45304672556699155,624.2521126760563,1204.45235376,1,TEST_2022,True,2022 UBEC public school indicators with richer infrastructure fields,0.649319458312419,3.0,0.601749,1906072.0,96329344297.36,Medium,5859890077.38,3.0,Capstone_Stage_ML1_Model_Ready_Dataset.xlsx,Model_Ready_Core_StateYear; Model_Ready_Expanded_2022,merged_with_expanded_2022_context,interim_merged,Interim state-year merge. Core UBEC-derived rows are retained for all available years; expanded NBS/DMO/context fields are joined where available for 2022.
Cross River,2018,0.2042145328385616,36,Lower Need,15.769494335451782,24.12691299568783,0.2020447637468914,0.44677432992305743,117.621187139324,1473.8328452,1,TRAIN_2018_2020,True,Common 2018-2020 UBEC public school indicators,,,,,,,,,Capstone_Stage_ML1_Model_Ready_Dataset.xlsx,Model_Ready_Core_StateYear; Model_Ready_Expanded_2022,core_state_year_only,interim_merged,Interim state-year merge. Core UBEC-derived rows are retained for all available years; expanded NBS/DMO/context fields are joined where available for 2022.
Cross River,2019,0.17265429680671535,37,Lower Need,19.42691682470875,24.251204870212227,0.11297751286914115,0.44677432992305743,118.22712283594394,1519.86407886,1,TRAIN_2018_2020,True,Common 2018-2020 UBEC public school indicators,,,,,,,,,Capstone_Stage_ML1_Model_Ready_Dataset.xlsx,Model_Ready_Core_StateYear; Model_Ready_Expanded_2022,core_state_year_only,interim_merged,Interim state-year merge. Core UBEC-derived rows are retained for all available years; expanded NBS/DMO/context fields are joined where available for 2022.
Cross River,2020,0.17519647967165172,37,Lower Need,20.378316273240024,24.74448296271244,0.11224845066499547,0.44677432992305743,120.63190436933223,715.07413514,1,TRAIN_2018_2020,True,Common 2018-2020 UBEC public school indicators,,,,,,,,,Capstone_Stage_ML1_Model_Ready_Dataset.xlsx,Model_Ready_Core_StateYear; Model_Ready_Expanded_2022,core_state_year_only,interim_merged,Interim state-year merge. Core UBEC-derived rows are retained for all available years; expanded NBS/DMO/context fields are joined where available for 2022.
Cross River,2022,0.18095001031583563,36,Lower Need,12.988239137536752,19.948319116909182,0.16067733856038333,0.4427997992975414,169.9017094017094,1204.45235376,1,TEST_2022,True,2022 UBEC public school indicators with richer infrastructure fields,0.27710652741860303,27.0,0.588259,1422316.0,175198799155.96,High,5859870077.440001,4.0,Capstone_Stage_ML1_Model_Ready_Dataset.xlsx,Model_Ready_Core_StateYear; Model_Ready_Expanded_2022,merged_with_expanded_2022_context,interim_merged,Interim state-year merge. Core UBEC-derived rows are retained for all available years; expanded NBS/DMO/context fields are joined where available for 2022.
Delta,2018,0.2683612629513222,26,Lower Need,21.412552806276402,37.069652434352584,0.24019312009656005,0.4373476352998537,240.8185520361991,1473.8328452,1,TRAIN_2018_2020,True,Common 2018-2020 UBEC public school indicators,,,,,,,,,Capstone_Stage_ML1_Model_Ready_Dataset.xlsx,Model_Ready_Core_StateYear; Model_Ready_Expanded_2022,core_state_year_only,interim_merged,Interim state-year merge. Core UBEC-derived rows are retained for all available years; expanded NBS/DMO/context fields are joined where available for 2022.
Delta,2019,0.2173235948477811,25,Medium Need,28.771831893081423,37.11986704521848,0.094680908163813,0.43480368395540475,241.46306306306306,1519.88407886,1,TRAIN_2018_2020,True,Common 2018-2020 UBEC public school indicators,,,,,,,,,Capstone_Stage_ML1_Model_Ready_Dataset.xlsx,Model_Ready_Core_StateYear; Model_Ready_Expanded_2022,core_state_year_only,interim_merged,Interim state-year merge. Core UBEC-derived rows are retained for all available years; expanded NBS/DMO/context fields are joined where available for 2022.
Delta,2020,0.21768172487178677,25,Medium Need,28.310395162131165,37.57091462570914,0.0948284850380565,0.43441261934412617,244.1771582733813,715.07413514,1,TRAIN_2018_2020,True,Common 2018-2020 UBEC public school indicators,,,,,,,,,Capstone_Stage_ML1_Model_Ready_Dataset.xlsx,Model_Ready_Core_StateYear; Model_Ready_Expanded_2022,core_state_year_only,interim_merged,Interim state-year merge. Core UBEC-derived rows are retained for all available years; expanded NBS/DMO/context fields are joined where available for 2022.
Delta,2022,0.21015932948819582,31,Lower Need,25.746430405752438,37.935749962161346,0.1292758089368259,0.3777054639019222,321.3352564102564,1204.45235376,1,TEST_2022,True,2022 UBEC public school indicators with richer infrastructure fields,0.25083570327472376,31.0,0.342217,1655631.0,272612510528.95,High,5859890077.440001,5.0,Capstone_Stage_ML1_Model_Ready_Dataset.xlsx,Model_Ready_Core_StateYear; Model_Ready_Expanded_2022,merged_with_expanded_2022_context,interim_merged,Interim state-year merge. Core UBEC-derived rows are retained for all available years; expanded NBS/DMO/context fields are joined where available for 2022.
Ebonyi,2018,0.3246343386482827,20,Medium Need,33.10366417644966,39.834931506849315,0.1592315901814301,0.5593321917808219,234.39395465994963,1473.8328452,1,TRAIN_2018_2020,True,Common 2018-2020 UBEC public school indicators,,,,,,,,,Capstone_Stage_ML1_Model_Ready_Dataset.xlsx,Model_Ready_Core_StateYear; Model_Ready_Expanded_2022,core_state_year_only,interim_merged,Interim state-year merge. Core UBEC-derived rows are retained for all available years; expanded NBS/DMO/context fields are joined where available for 2022.
Ebonyi,2019,0.2986190755040859,20,Medium Need,36.55764558350968,39.93484589041096,0.08409749980405988,0.5593321917808219,234.98186397984887,1519.88407886,1,TRAIN_2018_2020,True,Common 2018-2020 UBEC public school indicators,,,,,,,,,Capstone_Stage_ML1_Model_Ready_Dataset.xlsx,Model_Ready_Core_StateYear; Model_Ready_Expanded_2022,core_state_year_only,interim_merged,Interim state-year merge. Core UBEC-derived rows are retained for all available years; expanded NBS/DMO/context fields are joined where available for 2022.
Ebonyi,2020,0.301778120527817,20,Medium Need,38.51360821382008,40.46566780821918,0.08050847457627118,0.5593321917808219,238.10528967254407,715.07413514,1,TRAIN_2018_2020,True,Common 2018-2020 UBEC public school indicators,,,,,,,,,Capstone_Stage_ML1_Model_Ready_Dataset.xlsx,Model_Ready_Core_StateYear; Model_Ready_Expanded_2022,core_state_year_only,interim_merged,Interim state-year merge. Core UBEC-derived rows are retained for all available years; expanded NBS/DMO/context fields are joined where available for 2022.
Ebonyi,2022,0.2616656162227856,22,Medium Need,29.960140474100086,33.99203107879271,0.10272168568920105,0.512102799083574,252.4008875739645,0.0,1,TEST_2022,True,2022 UBEC public school indicators with richer infrastructure fields,0.3629204977702607,22.0,0.676609,1025052.0,67060019562.44,Low,4655437723.68,1.0,Capstone_Stage_ML1_Model_Ready_Dataset.xlsx,Model_Ready_Core_StateYear; Model_Ready_Expanded_2022,merged_with_expanded_2022_context,interim_merged,Interim state-year merge. Core UBEC-derived rows are retained for all available years; expanded NBS/DMO/context fields are joined where available for 2022.
Edo,2018,0.22128900998858886,31,Lower Need,30.846691806650668,36.84676494676495,0.14405210833047652,0.4084357084357084,209.3527221963704,1473.83284521,1,TRAIN_2018_2020,True,Common 2018-2020 UBEC public school indicators,,,,,,,,,Capstone_Stage_ML1_Model_Ready_Dataset.xlsx,Model_Ready_Core_StateYear; Model_Ready_Expanded_2022,core_state_year_only,interim_merged,Interim state-year merge. Core UBEC-derived rows are retained for all available years; expanded NBS/DMO/context fields are joined where available for 2022.
Edo,2019,0.2019329926926285,27,Lower Need,42.98962497620408,36.99009009009009,0.0508280982295831,0.4084357084357084,210.1670544439274,1519.88407886,1,TRAIN_2018_2020,True,Common 2018-2020 UBEC public school indicators,,,,,,,,,Capstone_Stage_ML1_Model_Ready_Dataset.xlsx,Model_Ready_Core_StateYear; Model_Ready_Expanded_2022,core_state_year_only,interim_merged,Interim state-year merge. Core UBEC-derived rows are retained for all available years; expanded NBS/DMO/context fields are joined where available for 2022.
Edo,2020,0.20760598461101504,27,Lower Need,45.9990990089098,37.63185913185913,0.04845329862849134,0.4084357084357084,213.71395348837208,715.07413514,1,TRAIN_2018_2020,True,Common 2018-2020 UBEC public school indicators,,,,,,,,,Capstone_Stage_ML1_Model_Ready_Dataset.xlsx,Model_Ready_Core_StateYear; Model_Ready_Expanded_2022,core_state_year_only,interim_merged,Interim state-year merge. Core UBEC-derived rows are retained for all available years; expanded NBS/DMO/context fields are joined where available for 2022.
Edo,2022,0.23201160417018887,26,Lower Need,35.16823438704703,41.3912885662432,0.15528141865844255,0.350453720508167,346.6048632218845,0.0,1,TEST_2022,True,2022 UBEC public school indicators with richer infrastructure fields,0.27056403383474986,29.0,0.318674,1473259.0,110991259332.19,Medium,4655437723.69,2.0,Capstone_Stage_ML1_Model_Ready_Dataset.xlsx,Model_Ready_Core_StateYear; Model_Ready_Expanded_2022,merged_with_expanded_2022_context,interim_merged,Interim state-year merge. Core UBEC-derived rows are retained for all available years; expanded NBS/DMO/context fields are joined where available for 2022.
Ekiti,2018,0.2045617401306989,35,Lower Need,20.289532941091014,29.084339858392337,0.1122248855959904,0.47542690545606,155.44017807456873,1473.8328452,1,TRAIN_2018_2020,True,Common 2018-2020 UBEC public school indicators,,,,,,,,,Capstone_Stage_ML1_Model_Ready_Dataset.xlsx,Model_Ready_Core_StateYear; Model_Ready_Expanded_2022,core_state_year_only,interim_merged,Interim state-year merge. Core UBEC-derived rows are retained for all available years; expanded NBS/DMO/context fields are joined where available for 2022.
Ekiti,2019,0.184650205603724,35,Lower Need,24.304646710755307,29.08256976259892,0.049947789766794294,0.47542690545606,155.43071786310517,1519.88407886,1,TRAIN_2018_2020,True,Common 2018-2020 UBEC public school indicators,,,,,,,,,Capstone_Stage_ML1_Model_Ready_Dataset.xlsx,Model_Ready_Core_StateYear; Model_Ready_Expanded_2022,core_state_year_only,interim_merged,Interim state-year merge. Core UBEC-derived rows are retained for all available years; expanded NBS/DMO/context fields are joined where available for 2022.
Ekiti,2020,0.18703872155219722,32,Lower Need,25.736031002162942,29.638505448884278,0.04848594087959625,0.473897249610794,158.47225305216426,715.07413514,1,TRAIN_2018_2020,True,Common 2018-2020 UBEC public school indicators,,,,,,,,,Capstone_Stage_ML1_Model_Ready_Dataset.xlsx,Model_Ready_Core_StateYear; Model_Ready_Expanded_2022,core_state_year_only,interim_merged,Interim state-year merge. Core UBEC-derived rows are retained for all available years; expanded NBS/DMO/context fields are joined where available for 2022.
Ekiti,2022,0.16138707170275832,37,Lower Need,18.00805112881806,24.84665597801191,0.09063745019920319,0.42304168575355017,194.4094982078853,1204.45235376,1,TEST_2022,True,2022 UBEC public school indicators with richer infrastructure fields,0.17092673976357228,36.0,0.282275,1131635.0,118452808502.43,Medium,5859890076.82,3.0,Capstone_Stage_ML1_Model_Ready_Dataset.xlsx,Model_Ready_Core_StateYear; Model_Ready_Expanded_2022,merged_with_expanded_2022_context,interim_merged,Interim state-year merge. Core UBEC-derived rows are retained for all available years; expanded NBS/DMO/context fields are joined where available for 2022.
Enugu,2018,0.2546900031589669,29,Lower Need,16.99677610015582,24.310405779280664,0.26081349739401427,0.4878573624346757,119.8662372110648,1473.83284521,1,TRAIN_2018_2020,True,Common 2018-2020 UBEC public school indicators,,,,,,,,,Capstone_Stage_ML1_Model_Ready_Dataset.xlsx,Model_Ready_Core_StateYear; Model_Ready_Expanded_2022,core_state_year_only,interim_merged,Interim state-year merge. Core UBEC-derived rows are retained for all available years; expanded NBS/DMO/context fields are joined where available for 2022.
Enugu,2019,0.18026885653813518,36,Lower Need,20.333397374319564,24.079023206431064,0.08267691322446366,0.4814196875473988,119.00524737631184,1519.88407886,1,TRAIN_2018_2020,True,Common 2018-2020 UBEC public school indicators,,,,,,,,,Capstone_Stage_ML1_Model_Ready_Dataset.xlsx,Model_Ready_Core_StateYear; Model_Ready_Expanded_2022,core_state_year_only,interim_merged,Interim state-year merge. Core UBEC-derived rows are retained for all available years; expanded NBS/DMO/context fields are joined where available for 2022.
Enugu,2020,0.18375922485096655,35,Lower Need,21.034688066269737,24.694423339917947,0.0832254724307533,0.4822975231727701,122.0533233195644,715.07413514,1,TRAIN_2018_2020,True,Common 2018-2020 UBEC public school indicators,,,,,,,,,Capstone_Stage_ML1_Model_Ready_Dataset.xlsx,Model_Ready_Core_StateYear; Model_Ready_Expanded_2022,core_state_year_only,interim_merged,Interim state-year merge. Core UBEC-derived rows are retained for all available years; expanded NBS/DMO/context fields are joined where available for 2022.
Enugu,2022,0.2466415230998113,24,Medium Need,17.92773995168021,17.966213613602598,0.11624203821656051,0.5735981951246355,215.79643093192334,1204.45235376,1,TEST_2022,True,2022 UBEC public school indicators with richer infrastructure fields,0.31092872542172634,25.0,0.540537,1434154.0,89887652914.75,Low,5859890077.45,4.0,Capstone_Stage_ML1_Model_Ready_Dataset.xlsx,Model_Ready_Core_StateYear; Model_Ready_Expanded_2022,merged_with_expanded_2022_context,interim_merged,Interim state-year merge. Core UBEC-derived rows are retained for all available years; expanded NBS/DMO/context fields are joined where available for 2022.
FCT,2018,0.21514487644267927,32,Lower Need,18.581970330924307,51.36233407806545,0.18871243818942562,0.31305033512945196,338.95576756287943,1473.8328452,1,TRAIN_2018_2020,True,Common 2018-2020 UBEC public school indicators,,,,,,,,,Capstone_Stage_ML1_Model_Ready_Dataset.xlsx,Model_Ready_Core_StateYear; Model_Ready_Expanded_2022,core_state_year_only,interim_merged,Interim state-year merge. Core UBEC-derived rows are retained for all available years; expanded NBS/DMO/context fields are joined where available for 2022.
FCT,2019,0.19220859098191284,30,Lower Need,21.079859072225485,51.89762123800762,0.12149682378690012,0.31305033512945196,342.4882914137034,1519.88407886,1,TRAIN_2018_2020,True,Common 2018-2020 UBEC public school indicators,,,,,,,,,Capstone_Stage_ML1_Model_Ready_Dataset.xlsx,Model_Ready_Core_StateYear; Model_Ready_Expanded_2022,core_state_year_only,interim_merged,Interim state-year merge. Core UBEC-derived rows are retained for all available years; expanded NBS/DMO/context fields are joined where available for 2022.
FCT,2020,0.19400097378112788,29,Lower Need,21.122291512525102,52.526744644499935,0.12112884473100095,0.31305033512945196,346.94097222222223,715.07413514,1,TRAIN_2018_2020,True,Common 2018-2020 UBEC public school indicators,,,,,,,,,Capstone_Stage_ML1_Model_Ready_Dataset.xlsx,Model_Ready_Core_StateYear; Model_Ready_Expanded_2022,core_state_year_only,interim_merged,Interim state-year merge. Core UBEC-derived rows are retained for all available years; expanded NBS/DMO/context fields are joined where available for 2022.
FCT,2022,0.2290236937480151,27,Lower Need,17.288137976285327,46.458060453400506,0.07409663964006187,0.4125944584382871,450.3992673992674,1204.45235375,1,TEST_2022,True,2022 UBEC public school indicators with richer infrastructure fields,0.2348073799805532,32.0,0.283288,880840.0,112489595162.94,Medium,5859890077.43,5.0,Capstone_Stage_ML1_Model_Ready_Dataset.xlsx,Model_Ready_Core_StateYear; Model_Ready_Expanded_2022,merged_with_expanded_2022_context,interim_merged,Interim state-year merge. Core UBEC-derived rows are retained for all available years; expanded NBS/DMO/context fields are joined where available for 2022.
Gombe,2018,0.3947217937534817,12,High Need,29.84801077496892,59.95068151076891,0.38178615830915874,0.4469878264488607,273.85266159695817,1473.8328452,1,TRAIN_2018_2020,True,Common 2018-2020 UBEC public school indicators,,,,,,,,,Capstone_Stage_ML1_Model_Ready_Dataset.xlsx,Model_Ready_Core_StateYear; Model_Ready_Expanded_2022,core_state_year_only,interim_merged,Interim state-year merge. Core UBEC-derived rows are retained for all available years; expanded NBS/DMO/context fields are joined where available for 2022.
Gombe,2019,0.3971267611663291,13,High Need,33.136071223434804,60.02486733950681,0.3743251005169443,0.4469878264488607,274.1915399239544,1519.88407886,1,TRAIN_2018_2020,True,Common 2018-2020 UBEC public school indicators,,,,,,,,,Capstone_Stage_ML1_Model_Ready_Dataset.xlsx,Model_Ready_Core_StateYear; Model_Ready_Expanded_2022,core_state_year_only,interim_merged,Interim state-year merge. Core UBEC-derived rows are retained for all available years; expanded NBS/DMO/context fields are joined where available for 2022.
Gombe,2020,0.4041004143863064,12,High Need,36.34137801675628,60.4769534907918,0.3756408653244967,0.4469878264488607,276.25665399239546,715.07413514,1,TRAIN_2018_2020,True,Common 2018-2020 UBEC public school indicators,,,,,,,,,Capstone_Stage_ML1_Model_Ready_Dataset.xlsx,Model_Ready_Core_StateYear; Model_Ready_Expanded_2022,core_state_year_only,interim_merged,Interim state-year merge. Core UBEC-derived rows are retained for all available years; expanded NBS/DMO/context fields are joined where available for 2022.
Gombe,2022,0.36315436714206206,15,Medium Need,38.26425492442844,66.57827779360106,0.2587984940252087,0.41374727048324317,354.355229914098,1204.45235376,1,TEST_2022,True,2022 UBEC public school indicators with richer infrastructure fields,0.5310978991752059,11.0,0.722098,1413214.0,139096654264.82,Medium,5859890077.440001,1.0,Capstone_Stage_ML1_Model_Ready_Dataset.xlsx,Model_Ready_Core_StateYear; Model_Ready_Expanded_2022,merged_with_expanded_2022_context,interim_merged,Interim state-year merge. Core UBEC-derived rows are retained for all available years; expanded NBS/DMO/context fields are joined where available for 2022.
Imo,2018,0.5290905925048779,4,High Need,81.94613883754364,66.57418762774789,0.2746970630519614,0.5093229883619071,563.3543946346629,1473.8328452,1,TRAIN_2018_2020,True,Common 2018-2020 UBEC public school indicators,,,,,,,,,Capstone_Stage_ML1_Model_Ready_Dataset.xlsx,Model_Ready_Core_StateYear; Model_Ready_Expanded_2022,core_state_year_only,interim_merged,Interim state-year merge. Core UBEC-derived rows are retained for all available years; expanded NBS/DMO/context fields are joined where available for 2022.
Imo,2019,0.4668264257300331,8,High Need,98.79564437295056,66.6096858966337,0.06310709645486605,0.5093229883619071,563.6547829156372,1519.88407886,1,TRAIN_2018_2020,True,Common 2018-2020 UBEC public school indicators,,,,,,,,,Capstone_Stage_ML1_Model_Ready_Dataset.xlsx,Model_Ready_Core_StateYear; Model_Ready_Expanded_2022,core_state_year_only,interim_merged,Interim state-year merge. Core UBEC-derived rows are retained for all available years; expanded NBS/DMO/context fields are joined where available for 2022.
Imo,2020,0.477922840589326,7,High Need,103.11116748049972,67.82463604888834,0.06322531549242184,0.5093229883619071,574.3412221829742,715.07413514,1,TRAIN_2018_2020,True,Common 2018-2020 UBEC public school indicators,,,,,,,,,Capstone_Stage_ML1_Model_Ready_Dataset.xlsx,Model_Ready_Core_StateYear; Model_Ready_Expanded_2022,core_state_year_only,interim_merged,Interim state-year merge. Core UBEC-derived rows are retained for all available years; expanded NBS/DMO/context fields are joined where available for 2022.
Imo,2022,0.5933318135572309,2,High Need,107.86888761795825,72.84652150823155,0.0802116099513869,0.5592622990392507,958.0126984126985,0.0,1,TEST_2022,True,2022 UBEC public school indicators with richer infrastructure fields,0.5878903638692669,7.0,0.366297,1754241.0,207520959471.52,High,3708791059.2,2.0,Capstone_Stage_ML1_Model_Ready_Dataset.xlsx,Model_Ready_Core_StateYear; Model_Ready_Expanded_2022,merged_with_expanded_2022_context,interim_merged,Interim state-year merge. Core UBEC-derived rows are retained for all available years; expanded NBS/DMO/context fields are joined where available for 2022.
Jigawa,2018,0.3938673594440414,13,High Need,53.57270466893821,67.61343561134356,0.41403444147711577,0.3369363086936309,235.5246963562753,1473.8328452,1,TRAIN_2018_2020,True,Common 2018-2020 UBEC public school indicators,,,,,,,,,Capstone_Stage_ML1_Model_Ready_Dataset.xlsx,Model_Ready_Core_StateYear; Model_Ready_Expanded_2022,core_state_year_only,interim_merged,Interim state-year merge. Core UBEC-derived rows are retained for all available years; expanded NBS/DMO/context fields are joined where available for 2022.
Jigawa,2019,0.43551481005677345,11,High Need,83.29257422183883,67.33397257089726,0.3990367335202358,0.3369363086936309,234.55121457489878,1519.88407886,1,TRAIN_2018_2020,True,Common 2018-2020 UBEC public school indicators,,,,,,,,,Capstone_Stage_ML1_Model_Ready_Dataset.xlsx,Model_Ready_Core_StateYear; Model_Ready_Expanded_2022,core_state_year_only,interim_merged,Interim state-year merge. Core UBEC-derived rows are retained for all available years; expanded NBS/DMO/context fields are joined where available for 2022.
Jigawa,2020,0.45901547115802827,10,High Need,94.5611217641419,68.77771966527196,0.4027644614892937,0.3369363086936309,239.58036437246963,715.07413514,1,TRAIN_2018_2020,True,Common 2018-2020 UBEC public school indicators,,,,,,,,,Capstone_Stage_ML1_Model_Ready_Dataset.xlsx,Model_Ready_Core_StateYear; Model_Ready_Expanded_2022,core_state_year_only,interim_merged,Interim state-year merge. Core UBEC-derived rows are retained for all available years; expanded NBS/DMO/context fields are joined where available for 2022.
Jigawa,2022,0.4071738761055451,13,High Need,47.08200381748118,71.25168955744495,0.22926495480246337,0.4541639415740135,422.2629198966408,1204.45235376,1,TEST_2022,True,2022 UBEC public school indicators with richer infrastructure fields,0.523873796489069,12.0,0.66713,2757744.0,44406862432.83,Low,5859890077.440001,3.0,Capstone_Stage_ML1_Model_Ready_Dataset.xlsx,Model_Ready_Core_StateYear; Model_Ready_Expanded_2022,merged_with_expanded_2022_context,interim_merged,Interim state-year merge. Core UBEC-derived rows are retained for all available years; expanded NBS/DMO/context fields are joined where available for 2022.
Kaduna,2018,0.4799257215159544,8,High Need,62.069822908592215,73.57219591490565,0.2253890644565023,0.5590147713619337,347.04884147357893,1473.8328452,1,TRAIN_2018_2020,True,Common 2018-2020 UBEC public school indicators,,,,,,,,,Capstone_Stage_ML1_Model_Ready_Dataset.xlsx,Model_Ready_Core_StateYear; Model_Ready_Expanded_2022,core_state_year_only,interim_merged,Interim state-year merge. Core UBEC-derived rows are retained for all available years; expanded NBS/DMO/context fields are joined where available for 2022.
Kaduna,2019,0.4597884704924147,9,High Need,60.69115026148947,73.4071665842109,0.18435737867765215,0.5590147713619337,346.2703783963994,1519.88407886,1,TRAIN_2018_2020,True,Common 2018-2020 UBEC public school indicators,,,,,,,,,Capstone_Stage_ML1_Model_Ready_Dataset.xlsx,Model_Ready_Core_StateYear; Model_Ready_Expanded_2022,core_state_year_only,interim_merged,Interim state-year merge. Core UBEC-derived rows are retained for all available years; expanded NBS/DMO/context fields are joined where available for 2022.
Kaduna,2020,0.4661699408652077,9,High Need,63.009138147285434,74.56088769524348,0.183390073463537,0.5590147713619337,351.712618769795,715.07413514,1,TRAIN_2018_2020,True,Common 2018-2020 UBEC public school indicators,,,,,,,,,Capstone_Stage_ML1_Model_Ready_Dataset.xlsx,Model_Ready_Core_StateYear; Model_Ready_Expanded_2022,core_state_year_only,interim_merged,Interim state-year merge. Core UBEC-derived rows are retained for all available years; expanded NBS/DMO/context fields are joined where available for 2022.
Kaduna,2022,0.4986371728304316,4,High Need,57.97628250577499,77.4037985892699,0.16153969306772178,0.5837124797703747,539.684266553119,1204.45235376,1,TEST_2022,True,2022 UBEC public school indicators with richer infrastructure fields,0.5567249427187381,9.0,0.481345,2750033.0,86863069011.79,Low,5859890077.440001,4.0,Capstone_Stage_ML1_Model_Ready_Dataset.xlsx,Model_Ready_Core_StateYear; Model_Ready_Expanded_2022,merged_with_expanded_2022_context,interim_merged,Interim state-year merge. Core UBEC-derived rows are retained for all available years; expanded NBS/DMO/context fields are joined where available for 2022.
Kano,2018,0.42732968917273373,10,High Need,55.79363978601149,82.87819286480122,0.35572758923264175,0.34723652952677275,363.54361859092586,1473.8328452,1,TRAIN_2018_2020,True,Common 2018-2020 UBEC public school indicators,,,,,,,,,Capstone_Stage_ML1_Model_Ready_Dataset.xlsx,Model_Ready_Core_StateYear; Model_Ready_Expanded_2022,core_state_year_only,interim_merged,Interim state-year merge. Core UBEC-derived rows are retained for all available years; expanded NBS/DMO/context fields are joined where available for 2022.
Kano,2019,0.4497240868103294,10,High Need,73.08518359978412,82.5559736792314,0.3436935847090134,0.34723652952677275,362.1302102545186,1519.88407886,1,TRAIN_2018_2020,True,Common 2018-2020 UBEC public school indicators,,,,,,,,,Capstone_Stage_ML1_Model_Ready_Dataset.xlsx,Model_Ready_Core_StateYear; Model_Ready_Expanded_2022,core_state_year_only,interim_merged,Interim state-year merge. Core UBEC-derived rows are retained for all available years; expanded NBS/DMO/context fields are joined where available for 2022.
Kano,2020,0.45651764309979714,11,High Need,74.81915452770686,83.79267138982908,0.3455849226610602,0.34723652952677275,367.5888591718159,715.07413514,1,TRAIN_2018_2020,True,Common 2018-2020 UBEC public school indicators,,,,,,,,,Capstone_Stage_ML1_Model_Ready_Dataset.xlsx,Model_Ready_Core_StateYear; Model_Ready_Expanded_2022,core_state_year_only,interim_merged,Interim state-year merge. Core UBEC-derived rows are retained for all available years; expanded NBS/DMO/context fields are joined where available for 2022.
Kano,2022,0.4765985254552489,7,High Need,66.74941329856584,90.46223436837393,0.15652325076053888,0.4733072609904349,559.0797903319743,1204.45235412,1,TEST_2022,True,2022 UBEC public school indicators with richer infrastructure fields,0.5585826974055309,8.0,0.558577,5456652.0,125186662228.72,Medium,5859890077.8,5.0,Capstone_Stage_ML1_Model_Ready_Dataset.xlsx,Model_Ready_Core_StateYear; Model_Ready_Expanded_2022,merged_with_expanded_2022_context,interim_merged,Interim state-year merge. Core UBEC-derived rows are retained for all available years; expanded NBS/DMO/context fields are joined where available for 2022.
Katsina,2018,0.541670417505997,2,High Need,70.41811356170813,98.0320979051435,0.31553261379633973,0.45585993641391925,482.9253379103197,1473.8328452,1,TRAIN_2018_2020,True,Common 2018-2020 UBEC public school indicators,,,,,,,,,Capstone_Stage_ML1_Model_Ready_Dataset.xlsx,Model_Ready_Core_StateYear; Model_Ready_Expanded_2022,core_state_year_only,interim_merged,Interim state-year merge. Core UBEC-derived rows are retained for all available years; expanded NBS/DMO/context fields are joined where available for 2022.
Katsina,2019,0.5326277472881025,3,High Need,73.0603448275862,95.11180282048025,0.31646063760572546,0.44327277347223987,473.9132728423718,1519.88407886,1,TRAIN_2018_2020,True,Common 2018-2020 UBEC public school indicators,,,,,,,,,Capstone_Stage_ML1_Model_Ready_Dataset.xlsx,Model_Ready_Core_StateYear; Model_Ready_Expanded_2022,core_state_year_only,interim_merged,Interim state-year merge. Core UBEC-derived rows are retained for all available years; expanded NBS/DMO/context fields are joined where available for 2022.
Katsina,2020,0.5387386580363295,3,High Need,77.53604126810605,95.52335858585859,0.31443017217819075,0.44053030303030305,476.4137279596977,715.07413514,1,TRAIN_2018_2020,True,Common 2018-2020 UBEC public school indicators,,,,,,,,,Capstone_Stage_ML1_Model_Ready_Dataset.xlsx,Model_Ready_Core_StateYear; Model_Ready_Expanded_2022,core_state_year_only,interim_merged,Interim state-year merge. Core UBEC-derived rows are retained for all available years; expanded NBS/DMO/context fields are joined where available for 2022.
Katsina,2022,0.661693597847635,1,High Need,84.98893581081082,128.22524741961516,0.2715653153153153,0.42573163997791275,946.0379191476027,1204.45235375,1,TEST_2022,True,2022 UBEC public school indicators with richer infrastructure fields,0.7809727773862591,1.0,0.635673,3844428.0,62374809154.32,Low,5859890077.43,1.0,Capstone_Stage_ML1_Model_Ready_Dataset.xlsx,Model_Ready_Core_StateYear; Model_Ready_Expanded_2022,merged_with_expanded_2022_context,interim_merged,Interim state-year merge. Core UBEC-derived rows are retained for all available years; expanded NBS/DMO/context fields are joined where available for 2022.
Kebbi,2018,0.4846117619018034,6,High Need,27.313742800689454,55.73100017155601,0.4409971833354353,0.5911820209298336,253.3978159126365,1473.8328452,1,TRAIN_2018_2020,True,Common 2018-2020 UBEC public school indicators,,,,,,,,,Capstone_Stage_ML1_Model_Ready_Dataset.xlsx,Model_Ready_Core_StateYear; Model_Ready_Expanded_2022,core_state_year_only,interim_merged,Interim state-year merge. Core UBEC-derived rows are retained for all available years; expanded NBS/DMO/context fields are joined where available for 2022.
Kebbi,2019,0.4793120949772255,7,High Need,29.929037895511406,55.822353748498884,0.4179083885209713,0.5911820209298336,253.81318252730108,1519.88407886,1,TRAIN_2018_2020,True,Common 2018-2020 UBEC public school indicators,,,,,,,,,Capstone_Stage_ML1_Model_Ready_Dataset.xlsx,Model_Ready_Core_StateYear; Model_Ready_Expanded_2022,core_state_year_only,interim_merged,Interim state-year merge. Core UBEC-derived rows are retained for all available years; expanded NBS/DMO/context fields are joined where available for 2022.
Kebbi,2020,0.4778041463084846,8,High Need,29.411176839652235,56.29447589638017,0.41350721520121897,0.5911820209298336,255.95982839313572,715.07413514,1,TRAIN_2018_2020,True,Common 2018-2020 UBEC public school indicators,,,,,,,,,Capstone_Stage_ML1_Model_Ready_Dataset.xlsx,Model_Ready_Core_StateYear; Model_Ready_Expanded_2022,core_state_year_only,interim_merged,Interim state-year merge. Core UBEC-derived rows are retained for all available years; expanded NBS/DMO/context fields are joined where available for 2022.
Kebbi,2022,0.42612297365964674,10,High Need,39.293047152597715,69.86996243169399,0.3069720541630654,0.4692622950819672,378.850462962963,1204.45235375,1,TEST_2022,True,2022 UBEC public school indicators with richer infrastructure fields,0.6208063949845395,5.0,0.807484,1951520.0,60131306074.57,Low,5859890077.43,2.0,Capstone_Stage_ML1_Model_Ready_Dataset.xlsx,Model_Ready_Core_StateYear; Model_Ready_Expanded_2022,merged_with_expanded_2022_context,interim_merged,Interim state-year merge. Core UBEC-derived rows are retained for all available years; expanded NBS/DMO/context fields are joined where available for 2022.
Kogi,2018,0.19823595897757976,37,Lower Need,14.65825977301387,20.87759049461177,0.18532350373460083,0.46691074882564243,103.67890222984563,1473.8328452,1,TRAIN_2018_2020,True,Common 2018-2020 UBEC public school indicators,,,,,,,,,Capstone_Stage_ML1_Model_Ready_Dataset.xlsx,Model_Ready_Core_StateYear; Model_Ready_Expanded_2022,core_state_year_only,interim_merged,Interim state-year merge. Core UBEC-derived rows are retained for all available years; expanded NBS/DMO/context fields are joined where available for 2022.
Kogi,2019,0.1879185080233687,32,Lower Need,25.88686661539776,20.928018789720916,0.11749124156199266,0.46691074882564243,103.92933104631217,1519.86407886,1,TRAIN_2018_2020,True,Common 2018-2020 UBEC public school indicators,,,,,,,,,Capstone_Stage_ML1_Model_Ready_Dataset.xlsx,Model_Ready_Core_StateYear; Model_Ready_Expanded_2022,core_state_year_only,interim_merged,Interim state-year merge. Core UBEC-derived rows are retained for all available years; expanded NBS/DMO/context fields are joined where available for 2022.
Kogi,2020,0.18881607883081242,31,Lower Need,26.120765074191613,21.03771760154739,0.11802041341452955,0.46691074882564243,104.47409948542024,715.07413514,1,TRAIN_2018_2020,True,Common 2018-2020 UBEC public school indicators,,,,,,,,,Capstone_Stage_ML1_Model_Ready_Dataset.xlsx,Model_Ready_Core_StateYear; Model_Ready_Expanded_2022,core_state_year_only,interim_merged,Interim state-year merge. Core UBEC-derived rows are retained for all available years; expanded NBS/DMO/context fields are joined where available for 2022.
Kogi,2022,0.18563692317607422,35,Lower Need,18.13769201948295,19.273855341738553,0.11464968152866242,0.48964830789648306,116.13634546181527,1204.45235375,1,TEST_2022,True,2022 UBEC public school indicators with richer infrastructure fields,0.27121871059127395,28.0,0.561469,1234128.0,90156501322.0,Low,5859870077.43,3.0,Capstone_Stage_ML1_Model_Ready_Dataset.xlsx,Model_Ready_Core_StateYear; Model_Ready_Expanded_2022,merged_with_expanded_2022_context,interim_merged,Interim state-year merge. Core UBEC-derived rows are retained for all available years; expanded NBS/DMO/context fields are joined where available for 2022.
Kwara,2018,0.2132890400670014,33,Lower Need,12.798364799747215,25.808761449621663,0.23414171735524134,0.4440461967343688,110.10159700985389,1473.8328452,1,TRAIN_2018_2020,True,Common 2018-2020 UBEC public school indicators,,,,,,,,,Capstone_Stage_ML1_Model_Ready_Dataset.xlsx,Model_Ready_Core_StateYear; Model_Ready_Expanded_2022,core_state_year_only,interim_merged,Interim state-year merge. Core UBEC-derived rows are retained for all available years; expanded NBS/DMO/context fields are joined where available for 2022.
Kwara,2019,0.185600554751789,34,Lower Need,15.849512916202201,26.047232178414973,0.15586681529588522,0.4440461967343688,111.11892626571526,1519.74289016,1,TRAIN_2018_2020,True,Common 2018-2020 UBEC public school indicators,,,,,,,,,Capstone_Stage_ML1_Model_Ready_Dataset.xlsx,Model_Ready_Core_StateYear; Model_Ready_Expanded_2022,core_state_year_only,interim_merged,Interim state-year merge. Core UBEC-derived rows are retained for all available years; expanded NBS/DMO/context fields are joined where available for 2022.
Kwara,2020,0.18650200186808868,33,Lower Need,16.583174762143216,26.32689402973209,0.15458187280921382,0.44319898243103584,112.3739395995928,715.07413514,1,TRAIN_2018_2020,True,Common 2018-2020 UBEC public school indicators,,,,,,,,,Capstone_Stage_ML1_Model_Ready_Dataset.xlsx,Model_Ready_Core_StateYear; Model_Ready_Expanded_2022,core_state_year_only,interim_merged,Interim state-year merge. Core UBEC-derived rows are retained for all available years; expanded NBS/DMO/context fields are joined where available for 2022.
Kwara,2022,0.22585537037890963,28,Lower Need,16.634483070794857,29.500602071124668,0.12348361397791055,0.5073452677209601,179.87714145863924,0.0,1,TEST_2022,True,2022 UBEC public school indicators with richer infrastructure fields,0.2657256429926266,30.0,0.39239,1108383.0,109551279948.44,Medium,4655296534.98,4.0,Capstone_Stage_ML1_Model_Ready_Dataset.xlsx,Model_Ready_Core_StateYear; Model_Ready_Expanded_2022,merged_with_expanded_2022_context,interim_merged,Interim state-year merge. Core UBEC-derived rows are retained for all available years; expanded NBS/DMO/context fields are joined where available for 2022.
Lagos,2018,0.2773453310387093,24,Medium Need,36.52562105080931,57.734368586673966,0.27784990911451574,0.2808181693802162,346.16940114848234,1473.8328452,1,TRAIN_2018_2020,True,Common 2018-2020 UBEC public school indicators,,,,,,,,,Capstone_Stage_ML1_Model_Ready_Dataset.xlsx,Model_Ready_Core_StateYear; Model_Ready_Expanded_2022,core_state_year_only,interim_merged,Interim state-year merge. Core UBEC-derived rows are retained for all available years; expanded NBS/DMO/context fields are joined where available for 2022.
Lagos,2019,0.22470886578073154,24,Medium Need,47.58268066433372,58.601108222739086,0.10576015108593012,0.2808181693802162,351.3662838392125,1519.74289016,1,TRAIN_2018_2020,True,Common 2018-2020 UBEC public school indicators,,,,,,,,,Capstone_Stage_ML1_Model_Ready_Dataset.xlsx,Model_Ready_Core_StateYear; Model_Ready_Expanded_2022,core_state_year_only,interim_merged,Interim state-year merge. Core UBEC-derived rows are retained for all available years; expanded NBS/DMO/context fields are joined where available for 2022.
Lagos,2020,0.23084706439127434,24,Medium Need,49.955062013267955,59.240046517991516,0.1067781944043842,0.2808181693802162,355.3430447271235,715.07413514,1,TRAIN_2018_2020,True,Common 2018-2020 UBEC public school indicators,,,,,,,,,Capstone_Stage_ML1_Model_Ready_Dataset.xlsx,Model_Ready_Core_StateYear; Model_Ready_Expanded_2022,core_state_year_only,interim_merged,Interim state-year merge. Core UBEC-derived rows are retained for all available years; expanded NBS/DMO/context fields are joined where available for 2022.
Lagos,2022,0.18775775124095123,34,Lower Need,35.416019274264926,49.82299232205852,0.10964696627003638,0.2363560904752023,483.41677852348994,1204.45235376,1,TEST_2022,True,2022 UBEC public school indicators with richer infrastructure fields,0.16174238073952138,37.0,0.083087,3782715.0,877035995031.7,High,5859748888.74,5.0,Capstone_Stage_ML1_Model_Ready_Dataset.xlsx,Model_Ready_Core_StateYear; Model_Ready_Expanded_2022,merged_with_expanded_2022_context,interim_merged,Interim state-year merge. Core UBEC-derived rows are retained for all available years; expanded NBS/DMO/context fields are joined where available for 2022.
Nasarawa,2018,0.3306133504024309,19,Medium Need,18.1448610048457,39.61799754983851,0.2443254271869421,0.5560752867802651,213.2673860911271,1473.83284521,1,TRAIN_2018_2020,True,Common 2018-2020 UBEC public school indicators,,,,,,,,,Capstone_Stage_ML1_Model_Ready_Dataset.xlsx,Model_Ready_Core_StateYear; Model_Ready_Expanded_2022,core_state_year_only,interim_merged,Interim state-year merge. Core UBEC-derived rows are retained for all available years; expanded NBS/DMO/context fields are joined where available for 2022.
Nasarawa,2019,0.3341412535820715,19,Medium Need,31.353277104199613,39.7441808664662,0.20093129502723597,0.5560752867802651,213.94664268585132,1519.88407816,1,TRAIN_2018_2020,True,Common 2018-2020 UBEC public school indicators,,,,,,,,,Capstone_Stage_ML1_Model_Ready_Dataset.xlsx,Model_Ready_Core_StateYear; Model_Ready_Expanded_2022,core_state_year_only,interim_merged,Interim state-year merge. Core UBEC-derived rows are retained for all available years; expanded NBS/DMO/context fields are joined where available for 2022.
Nasarawa,2020,0.3294669617978016,19,Medium Need,28.643971970058928,40.06136540817463,0.19835961140308966,0.5560752867802651,215.65407673860912,715.07413514,1,TRAIN_2018_2020,True,Common 2018-2020 UBEC public school indicators,,,,,,,,,Capstone_Stage_ML1_Model_Ready_Dataset.xlsx,Model_Ready_Core_StateYear; Model_Ready_Expanded_2022,core_state_year_only,interim_merged,Interim state-year merge. Core UBEC-derived rows are retained for all available years; expanded NBS/DMO/context fields are joined where available for 2022.
Nasarawa,2022,0.285067386419778,20,Medium Need,22.144674750612268,34.40593967517401,0.17567648288632698,0.5321577726218097,212.08466819221968,1204.45235376,1,TEST_2022,True,2022 UBEC public school indicators with richer infrastructure fields,0.36395511677989006,21.0,0.465279,901756.0,72627065374.64,Low,5859890076.75,1.0,Capstone_Stage_ML1_Model_Ready_Dataset.xlsx,Model_Ready_Core_StateYear; Model_Ready_Expanded_2022,merged_with_expanded_2022_context,interim_merged,Interim state-year merge. Core UBEC-derived rows are retained for all available years; expanded NBS/DMO/context fields are joined where available for 2022.
Niger,2018,0.40040349304140516,11,High Need,27.80205378068336,48.15537869885696,0.28515480448994696,0.5972652494391625,202.9637550652859,1473.83284551,1,TRAIN_2018_2020,True,Common 2018-2020 UBEC public school indicators,,,,,,,,,Capstone_Stage_ML1_Model_Ready_Dataset.xlsx,Model_Ready_Core_StateYear; Model_Ready_Expanded_2022,core_state_year_only,interim_merged,Interim state-year merge. Core UBEC-derived rows are retained for all available years; expanded NBS/DMO/context fields are joined where available for 2022.
Niger,2019,0.4001508267781973,12,High Need,32.282329819546185,48.25451340668732,0.2667143112381633,0.5972652494391625,203.38158487167942,1519.86407886,1,TRAIN_2018_2020,True,Common 2018-2020 UBEC public school indicators,,,,,,,,,Capstone_Stage_ML1_Model_Ready_Dataset.xlsx,Model_Ready_Core_StateYear; Model_Ready_Expanded_2022,core_state_year_only,interim_merged,Interim state-year merge. Core UBEC-derived rows are retained for all available years; expanded NBS/DMO/context fields are joined where available for 2022.
Niger,2020,0.399714732150612,13,High Need,31.46290166873535,48.742121568208525,0.26592883740173767,0.5972652494391625,205.52927927927928,715.07413514,1,TRAIN_2018_2020,True,Common 2018-2020 UBEC public school indicators,,,,,,,,,Capstone_Stage_ML1_Model_Ready_Dataset.xlsx,Model_Ready_Core_StateYear; Model_Ready_Expanded_2022,core_state_year_only,interim_merged,Interim state-year merge. Core UBEC-derived rows are retained for all available years; expanded NBS/DMO/context fields are joined where available for 2022.
Niger,2022,0.36113511051051705,16,Medium Need,29.44981468647362,47.65009019550485,0.2092686895471118,0.5624299156550144,266.45338058887677,0.0,1,TEST_2022,True,2022 UBEC public school indicators with richer infrastructure fields,0.465129150898284,16.0,0.559825,2367798.0,98262195557.88,Medium,4655417723.99,2.0,Capstone_Stage_ML1_Model_Ready_Dataset.xlsx,Model_Ready_Core_StateYear; Model_Ready_Expanded_2022,merged_with_expanded_2022_context,interim_merged,Interim state-year merge. Core UBEC-derived rows are retained for all available years; expanded NBS/DMO/context fields are joined where available for 2022.
Ogun,2018,0.23054463763785202,30,Lower Need,27.35240854762767,45.493975903614455,0.19421304680268825,0.36666666666666664,216.04577240940878,1473.83284521,1,TRAIN_2018_2020,True,Common 2018-2020 UBEC public school indicators,,,,,,,,,Capstone_Stage_ML1_Model_Ready_Dataset.xlsx,Model_Ready_Core_StateYear; Model_Ready_Expanded_2022,core_state_year_only,interim_merged,Interim state-year merge. Core UBEC-derived rows are retained for all available years; expanded NBS/DMO/context fields are joined where available for 2022.
Ogun,2019,0.18748000291677142,33,Lower Need,33.09499203168011,45.870013386880856,0.06852755106968658,0.36666666666666664,217.83153210425937,1519.86407886,1,TRAIN_2018_2020,True,Common 2018-2020 UBEC public school indicators,,,,,,,,,Capstone_Stage_ML1_Model_Ready_Dataset.xlsx,Model_Ready_Core_StateYear; Model_Ready_Expanded_2022,core_state_year_only,interim_merged,Interim state-year merge. Core UBEC-derived rows are retained for all available years; expanded NBS/DMO/context fields are joined where available for 2022.
Ogun,2020,0.19246617593986368,30,Lower Need,34.96015275614291,46.56907630522088,0.06879051303954575,0.36666666666666664,221.15130324221232,0.0,1,TRAIN_2018_2020,True,Common 2018-2020 UBEC public school indicators,,,,,,,,,Capstone_Stage_ML1_Model_Ready_Dataset.xlsx,Model_Ready_Core_StateYear; Model_Ready_Expanded_2022,core_state_year_only,interim_merged,Interim state-year merge. Core UBEC-derived rows are retained for all available years; expanded NBS/DMO/context fields are joined where available for 2022.
Ogun,2022,0.2166145958886858,29,Lower Need,31.164290498516888,44.95176316334276,0.11214237871973974,0.3503553930025533,365.33707234997195,0.0,1,TEST_2022,True,2022 UBEC public school indicators with richer infrastructure fields,0.2831089893214948,26.0,0.506861,2036732.0,241782021304.96,High,2993696924.0699997,3.0,Capstone_Stage_ML1_Model_Ready_Dataset.xlsx,Model_Ready_Core_StateYear; Model_Ready_Expanded_2022,merged_with_expanded_2022_context,interim_merged,Interim state-year merge. Core UBEC-derived rows are retained for all available years; expanded NBS/DMO/context fields are joined where available for 2022.
Ondo,2018,0.47309796194681486,9,High Need,62.73816933638444,71.00533512897545,0.17107551487414188,0.5453744949756553,512.2679372197309,1473.8328452,1,TRAIN_2018_2020,True,Common 2018-2020 UBEC public school indicators,,,,,,,,,Capstone_Stage_ML1_Model_Ready_Dataset.xlsx,Model_Ready_Core_StateYear; Model_Ready_Expanded_2022,core_state_year_only,interim_merged,Interim state-year merge. Core UBEC-derived rows are retained for all available years; expanded NBS/DMO/context fields are joined where available for 2022.
Ondo,2019,0.5135057887997018,4,High Need,108.08675908221797,70.27374909354604,0.0965583173996176,0.5453744949756553,506.98991031390136,1519.88407886,1,TRAIN_2018_2020,True,Common 2018-2020 UBEC public school indicators,,,,,,,,,Capstone_Stage_ML1_Model_Ready_Dataset.xlsx,Model_Ready_Core_StateYear; Model_Ready_Expanded_2022,core_state_year_only,interim_merged,Interim state-year merge. Core UBEC-derived rows are retained for all available years; expanded NBS/DMO/context fields are joined where available for 2022.
Ondo,2020,0.5382123982185781,4,High Need,120.00447157967152,72.28488552781519,0.09450511651904721,0.5453744949756553,521.4992526158445,715.07413514,1,TRAIN_2018_2020,True,Common 2018-2020 UBEC public school indicators,,,,,,,,,Capstone_Stage_ML1_Model_Ready_Dataset.xlsx,Model_Ready_Core_StateYear; Model_Ready_Expanded_2022,core_state_year_only,interim_merged,Interim state-year merge. Core UBEC-derived rows are retained for all available years; expanded NBS/DMO/context fields are joined where available for 2022.
Ondo,2022,0.32212263339768965,19,Medium Need,36.32902857142857,42.979853975121685,0.15497142857142857,0.4907382368848026,393.1713048855906,1204.45235376,1,TEST_2022,True,2022 UBEC public school indicators with richer infrastructure fields,0.34277829769330664,24.0,0.313571,1663525.0,78824638559.93,Low,5859890077.440001,4.0,Capstone_Stage_ML1_Model_Ready_Dataset.xlsx,Model_Ready_Core_StateYear; Model_Ready_Expanded_2022,merged_with_expanded_2022_context,interim_merged,Interim state-year merge. Core UBEC-derived rows are retained for all available years; expanded NBS/DMO/context fields are joined where available for 2022.
Osun,2018,0.2091914530818077,34,Lower Need,19.014869888475836,29.888975457732762,0.1523172242874845,0.43646279703934554,214.55536912751677,1473.8328452,1,TRAIN_2018_2020,True,Common 2018-2020 UBEC public school indicators,,,,,,,,,Capstone_Stage_ML1_Model_Ready_Dataset.xlsx,Model_Ready_Core_StateYear; Model_Ready_Expanded_2022,core_state_year_only,interim_merged,Interim state-year merge. Core UBEC-derived rows are retained for all available years; expanded NBS/DMO/context fields are joined where available for 2022.
Osun,2019,0.19140452595962004,31,Lower Need,25.864428275816035,29.517406871333893,0.09925906147787197,0.42675401843528604,212.1987951807229,1519.88407886,1,TRAIN_2018_2020,True,Common 2018-2020 UBEC public school indicators,,,,,,,,,Capstone_Stage_ML1_Model_Ready_Dataset.xlsx,Model_Ready_Core_StateYear; Model_Ready_Expanded_2022,core_state_year_only,interim_merged,Interim state-year merge. Core UBEC-derived rows are retained for all available years; expanded NBS/DMO/context fields are joined where available for 2022.
Osun,2020,0.17794810120428195,36,Lower Need,28.190112686295894,27.728475400457665,0.1009814612868048,0.40060068649885583,210.6219445953286,715.07413514,1,TRAIN_2018_2020,True,Common 2018-2020 UBEC public school indicators,,,,,,,,,Capstone_Stage_ML1_Model_Ready_Dataset.xlsx,Model_Ready_Core_StateYear; Model_Ready_Expanded_2022,core_state_year_only,interim_merged,Interim state-year merge. Core UBEC-derived rows are retained for all available years; expanded NBS/DMO/context fields are joined where available for 2022.
Osun,2022,0.19519408489702178,33,Lower Need,23.84448865897334,27.40633004024881,0.12025467568643056,0.4411818514452982,176.03172737955347,1204.45235376,1,TEST_2022,True,2022 UBEC public school indicators with richer infrastructure fields,0.23384002082242206,33.0,0.30537,1274894.0,149409835462.63,High,5859890077.440001,5.0,Capstone_Stage_ML1_Model_Ready_Dataset.xlsx,Model_Ready_Core_StateYear; Model_Ready_Expanded_2022,merged_with_expanded_2022_context,interim_merged,Interim state-year merge. Core UBEC-derived rows are retained for all available years; expanded NBS/DMO/context fields are joined where available for 2022.
Oyo,2018,0.3465408261055973,18,Medium Need,48.028080988450796,64.80832458901713,0.14187379395754732,0.46014534996696593,321.8650839606254,1473.8328452,1,TRAIN_2018_2020,True,Common 2018-2020 UBEC public school indicators,,,,,,,,,Capstone_Stage_ML1_Model_Ready_Dataset.xlsx,Model_Ready_Core_StateYear; Model_Ready_Expanded_2022,core_state_year_only,interim_merged,Interim state-year merge. Core UBEC-derived rows are retained for all available years; expanded NBS/DMO/context fields are joined where available for 2022.
Oyo,2019,0.36561974819700505,18,Medium Need,79.19005472281704,64.56562560620756,0.06914108969783488,0.4593598448108632,320.83651436283014,1519.88407886,1,TRAIN_2018_2020,True,Common 2018-2020 UBEC public school indicators,,,,,,,,,Capstone_Stage_ML1_Model_Ready_Dataset.xlsx,Model_Ready_Core_StateYear; Model_Ready_Expanded_2022,core_state_year_only,interim_merged,Interim state-year merge. Core UBEC-derived rows are retained for all available years; expanded NBS/DMO/context fields are joined where available for 2022.
Oyo,2020,0.3757245650647708,18,Medium Need,83.56998763906057,65.5752861299709,0.06976514215080346,0.4593598448108632,325.85367264314635,715.07413514,1,TRAIN_2018_2020,True,Common 2018-2020 UBEC public school indicators,,,,,,,,,Capstone_Stage_ML1_Model_Ready_Dataset.xlsx,Model_Ready_Core_StateYear; Model_Ready_Expanded_2022,core_state_year_only,interim_merged,Interim state-year merge. Core UBEC-derived rows are retained for all available years; expanded NBS/DMO/context fields are joined where available for 2022.
Oyo,2022,0.4957336120811746,5,High Need,77.83151527508751,91.37998723268433,0.1022870153260611,0.4523220555378232,764.2135468802136,0.0,1,TEST_2022,True,2022 UBEC public school indicators with richer infrastructure fields,0.5123848245834745,13.0,0.411313,2473608.0,160071143937.27,High,4655437723.68,1.0,Capstone_Stage_ML1_Model_Ready_Dataset.xlsx,Model_Ready_Core_StateYear; Model_Ready_Expanded_2022,merged_with_expanded_2022_context,interim_merged,Interim state-year merge. Core UBEC-derived rows are retained for all available years; expanded NBS/DMO/context fields are joined where available for 2022.
Plateau,2018,0.3000646654574584,21,Medium Need,24.24671385237614,33.55651237890204,0.18756319514661274,0.5602798708288482,166.57226823403687,1473.8328452,1,TRAIN_2018_2020,True,Common 2018-2020 UBEC public school indicators,,,,,,,,,Capstone_Stage_ML1_Model_Ready_Dataset.xlsx,Model_Ready_Core_StateYear; Model_Ready_Expanded_2022,core_state_year_only,interim_merged,Interim state-year merge. Core UBEC-derived rows are retained for all available years; expanded NBS/DMO/context fields are joined where available for 2022.
Plateau,2019,0.2860701430568434,21,Medium Need,38.48003461490914,32.215379838542745,0.13592533069600693,0.5387083419581867,160.73586367157242,1519.88407886,1,TRAIN_2018_2020,True,Common 2018-2020 UBEC public school indicators,,,,,,,,,Capstone_Stage_ML1_Model_Ready_Dataset.xlsx,Model_Ready_Core_StateYear; Model_Ready_Expanded_2022,core_state_year_only,interim_merged,Interim state-year merge. Core UBEC-derived rows are retained for all available years; expanded NBS/DMO/context fields are joined where available for 2022.
Plateau,2020,0.28689983973245803,21,Medium Need,39.35179416895091,32.516987542468854,0.1363070022427112,0.5358797487902811,162.3008735868448,715.07413514,1,TRAIN_2018_2020,True,Common 2018-2020 UBEC public school indicators,,,,,,,,,Capstone_Stage_ML1_Model_Ready_Dataset.xlsx,Model_Ready_Core_StateYear; Model_Ready_Expanded_2022,core_state_year_only,interim_merged,Interim state-year merge. Core UBEC-derived rows are retained for all available years; expanded NBS/DMO/context fields are joined where available for 2022.
Plateau,2022,0.26024194390294036,23,Medium Need,26.384634665998245,33.24747315224258,0.10356352090905294,0.5332701621393978,214.38187372708757,1204.45235376,1,TEST_2022,True,2022 UBEC public school indicators with richer infrastructure fields,0.3677203486101616,20.0,0.70417,1471108.0,151903415543.09,High,5859890077.440001,2.0,Capstone_Stage_ML1_Model_Ready_Dataset.xlsx,Model_Ready_Core_StateYear; Model_Ready_Expanded_2022,merged_with_expanded_2022_context,interim_merged,Interim state-year merge. Core UBEC-derived rows are retained for all available years; expanded NBS/DMO/context fields are joined where available for 2022.
Rivers,2018,0.282861476563473,22,Medium Need,10.3959770507479,29.329896907216494,0.3324567993989482,0.47220348781192795,168.65096952908587,1473.8328452,1,TRAIN_2018_2020,True,Common 2018-2020 UBEC public school indicators,,,,,,,,,Capstone_Stage_ML1_Model_Ready_Dataset.xlsx,Model_Ready_Core_StateYear; Model_Ready_Expanded_2022,core_state_year_only,interim_merged,Interim state-year merge. Core UBEC-derived rows are retained for all available years; expanded NBS/DMO/context fields are joined where available for 2022.
Rivers,2019,0.23686382639020342,23,Medium Need,17.29676732590061,29.72845450168512,0.19547313574990197,0.4719306692344728,170.9468438538206,1519.88407886,1,TRAIN_2018_2020,True,Common 2018-2020 UBEC public school indicators,,,,,,,,,Capstone_Stage_ML1_Model_Ready_Dataset.xlsx,Model_Ready_Core_StateYear; Model_Ready_Expanded_2022,core_state_year_only,interim_merged,Interim state-year merge. Core UBEC-derived rows are retained for all available years; expanded NBS/DMO/context fields are joined where available for 2022.
Rivers,2020,0.24148454778715817,23,Medium Need,20.768902520336045,29.92525698914401,0.1930924123216429,0.4708425401095206,172.09502762430938,715.07413514,1,TRAIN_2018_2020,True,Common 2018-2020 UBEC public school indicators,,,,,,,,,Capstone_Stage_ML1_Model_Ready_Dataset.xlsx,Model_Ready_Core_StateYear; Model_Ready_Expanded_2022,core_state_year_only,interim_merged,Interim state-year merge. Core UBEC-derived rows are retained for all available years; expanded NBS/DMO/context fields are joined where available for 2022.
Rivers,2022,0.3355317013527512,18,Medium Need,31.693273058498075,44.67624120220658,0.24337089265231765,0.45843637055354763,382.5130293159609,1204.45235376,1,TEST_2022,True,2022 UBEC public school indicators with richer infrastructure fields,0.4070459394426853,18.0,0.386965,2109699.0,225505011356.0,High,5859890077.440001,3.0,Capstone_Stage_ML1_Model_Ready_Dataset.xlsx,Model_Ready_Core_StateYear; Model_Ready_Expanded_2022,merged_with_expanded_2022_context,interim_merged,Interim state-year merge. Core UBEC-derived rows are retained for all available years; expanded NBS/DMO/context fields are joined where available for 2022.
Sokoto,2018,0.5057665346762947,5,High Need,33.694446736529414,64.89360349622567,0.5187309183926067,0.5114024632499007,284.95673412421496,1473.8328452,1,TRAIN_2018_2020,True,Common 2018-2020 UBEC public school indicators,,,,,,,,,Capstone_Stage_ML1_Model_Ready_Dataset.xlsx,Model_Ready_Core_StateYear; Model_Ready_Expanded_2022,core_state_year_only,interim_merged,Interim state-year merge. Core UBEC-derived rows are retained for all available years; expanded NBS/DMO/context fields are joined where available for 2022.
Sokoto,2019,0.5125317701787186,5,High Need,46.79750975441818,64.80627731426301,0.4846798255680514,0.5114024632499007,284.57327285415215,1519.88407886,1,TRAIN_2018_2020,True,Common 2018-2020 UBEC public school indicators,,,,,,,,,Capstone_Stage_ML1_Model_Ready_Dataset.xlsx,Model_Ready_Core_StateYear; Model_Ready_Expanded_2022,core_state_year_only,interim_merged,Interim state-year merge. Core UBEC-derived rows are retained for all available years; expanded NBS/DMO/context fields are joined where available for 2022.
Sokoto,2020,0.5210254496896275,5,High Need,49.6067767997106,65.37767183154548,0.4904136018328711,0.5114024632499007,287.08234473133285,715.07413514,1,TRAIN_2018_2020,True,Common 2018-2020 UBEC public school indicators,,,,,,,,,Capstone_Stage_ML1_Model_Ready_Dataset.xlsx,Model_Ready_Core_StateYear; Model_Ready_Expanded_2022,core_state_year_only,interim_merged,Interim state-year merge. Core UBEC-derived rows are retained for all available years; expanded NBS/DMO/context fields are joined where available for 2022.
Sokoto,2022,0.45248419575066434,8,High Need,44.643170466883824,73.76454969501256,0.31939196525515745,0.46264800861141014,432.621632996633,1204.45235376,1,TEST_2022,True,2022 UBEC public school indicators with richer infrastructure fields,0.6289216614981056,4.0,0.724193,2410947.0,85584818029.23,Low,5859890077.440001,4.0,Capstone_Stage_ML1_Model_Ready_Dataset.xlsx,Model_Ready_Core_StateYear; Model_Ready_Expanded_2022,merged_with_expanded_2022_context,interim_merged,Interim state-year merge. Core UBEC-derived rows are retained for all available years; expanded NBS/DMO/context fields are joined where available for 2022.
Taraba,2018,0.36628198348105245,17,Medium Need,24.385734732824428,45.03303964757709,0.2430423027989822,0.5754772393538914,245.93023255813952,1473.8328452,1,TRAIN_2018_2020,True,Common 2018-2020 UBEC public school indicators,,,,,,,,,Capstone_Stage_ML1_Model_Ready_Dataset.xlsx,Model_Ready_Core_StateYear; Model_Ready_Expanded_2022,core_state_year_only,interim_merged,Interim state-year merge. Core UBEC-derived rows are retained for all available years; expanded NBS/DMO/context fields are joined where available for 2022.
Taraba,2019,0.37292131422446617,16,Medium Need,32.86684899184899,45.00007342143906,0.2261904761904762,0.5754772393538914,245.75020048115476,1519.88407886,1,TRAIN_2018_2020,True,Common 2018-2020 UBEC public school indicators,,,,,,,,,Capstone_Stage_ML1_Model_Ready_Dataset.xlsx,Model_Ready_Core_StateYear; Model_Ready_Expanded_2022,core_state_year_only,interim_merged,Interim state-year merge. Core UBEC-derived rows are retained for all available years; expanded NBS/DMO/context fields are joined where available for 2022.
Taraba,2020,0.37730871271852673,16,Medium Need,34.76990351520623,45.2442731277533,0.22761383512949274,0.5754772393538914,247.08380112269447,715.07413514,1,TRAIN_2018_2020,True,Common 2018-2020 UBEC public school indicators,,,,,,,,,Capstone_Stage_ML1_Model_Ready_Dataset.xlsx,Model_Ready_Core_StateYear; Model_Ready_Expanded_2022,core_state_year_only,interim_merged,Interim state-year merge. Core UBEC-derived rows are retained for all available years; expanded NBS/DMO/context fields are joined where available for 2022.
Taraba,2022,0.37638454837015,14,Medium Need,30.862931749705254,48.17612977983777,0.20981616523295926,0.5779428805125758,285.4571890145396,1204.45235376,1,TEST_2022,True,2022 UBEC public school indicators with richer infrastructure fields,0.5098065591685871,14.0,0.661959,1206243.0,90807647838.11,Low,5859890077.440001,5.0,Capstone_Stage_ML1_Model_Ready_Dataset.xlsx,Model_Ready_Core_StateYear; Model_Ready_Expanded_2022,merged_with_expanded_2022_context,interim_merged,Interim state-year merge. Core UBEC-derived rows are retained for all available years; expanded NBS/DMO/context fields are joined where available for 2022.
Yobe,2018,0.5344731906649363,3,High Need,54.48590999739877,91.80219138056975,0.36894129888147054,0.47143900657414173,476.05,1473.8328452,1,TRAIN_2018_2020,True,Common 2018-2020 UBEC public school indicators,,,,,,,,,Capstone_Stage_ML1_Model_Ready_Dataset.xlsx,Model_Ready_Core_StateYear; Model_Ready_Expanded_2022,core_state_year_only,interim_merged,Interim state-year merge. Core UBEC-derived rows are retained for all available years; expanded NBS/DMO/context fields are joined where available for 2022.
Yobe,2019,0.6279977531745827,1,High Need,121.99941736259468,91.6909940154722,0.3299669838803651,0.47102612757261714,475.52990158970476,1519.83407868,1,TRAIN_2018_2020,True,Common 2018-2020 UBEC public school indicators,,,,,,,,,Capstone_Stage_ML1_Model_Ready_Dataset.xlsx,Model_Ready_Core_StateYear; Model_Ready_Expanded_2022,core_state_year_only,interim_merged,Interim state-year merge. Core UBEC-derived rows are retained for all available years; expanded NBS/DMO/context fields are joined where available for 2022.
Yobe,2020,0.6281701092147027,1,High Need,121.90903835035652,92.09288105983404,0.3297359799576026,0.4697918183141651,477.78398791540786,715.07413514,1,TRAIN_2018_2020,True,Common 2018-2020 UBEC public school indicators,,,,,,,,,Capstone_Stage_ML1_Model_Ready_Dataset.xlsx,Model_Ready_Core_StateYear; Model_Ready_Expanded_2022,core_state_year_only,interim_merged,Interim state-year merge. Core UBEC-derived rows are retained for all available years; expanded NBS/DMO/context fields are joined where available for 2022.
Yobe,2022,0.5539562787940847,3,High Need,72.38242748521543,93.16056542225444,0.2954097437341594,0.4441222665216866,681.7771883289124,1204.45235376,1,TEST_2022,True,2022 UBEC public school indicators with richer infrastructure fields,0.7345871356586402,2.0,0.652029,1278008.0,92859643611.94,Medium,5859840077.26,1.0,Capstone_Stage_ML1_Model_Ready_Dataset.xlsx,Model_Ready_Core_StateYear; Model_Ready_Expanded_2022,merged_with_expanded_2022_context,interim_merged,Interim state-year merge. Core UBEC-derived rows are retained for all available years; expanded NBS/DMO/context fields are joined where available for 2022.
Zamfara,2018,0.3817012229887161,14,Medium Need,38.94798757912337,68.25986394557823,0.36104144273259287,0.38210361067503923,284.5650087260035,1473.8328452,1,TRAIN_2018_2020,True,Common 2018-2020 UBEC public school indicators,,,,,,,,,Capstone_Stage_ML1_Model_Ready_Dataset.xlsx,Model_Ready_Core_StateYear; Model_Ready_Expanded_2022,core_state_year_only,interim_merged,Interim state-year merge. Core UBEC-derived rows are retained for all available years; expanded NBS/DMO/context fields are joined where available for 2022.
Zamfara,2019,0.3861109310217992,14,Medium Need,45.99611444719181,67.9264475743349,0.34772165312610387,0.3809076682316119,283.322454308094,1519.88407886,1,TRAIN_2018_2020,True,Common 2018-2020 UBEC public school indicators,,,,,,,,,Capstone_Stage_ML1_Model_Ready_Dataset.xlsx,Model_Ready_Core_StateYear; Model_Ready_Expanded_2022,core_state_year_only,interim_merged,Interim state-year merge. Core UBEC-derived rows are retained for all available years; expanded NBS/DMO/context fields are joined where available for 2022.
Zamfara,2020,0.3871323454997163,15,Medium Need,48.46884689207146,68.07247278382582,0.34275800974457404,0.3785381026438569,284.1016875811337,715.07413514,1,TRAIN_2018_2020,True,Common 2018-2020 UBEC public school indicators,,,,,,,,,Capstone_Stage_ML1_Model_Ready_Dataset.xlsx,Model_Ready_Core_StateYear; Model_Ready_Expanded_2022,core_state_year_only,interim_merged,Interim state-year merge. Core UBEC-derived rows are retained for all available years; expanded NBS/DMO/context fields are joined where available for 2022.
Zamfara,2022,0.44501135057134994,9,High Need,54.93853445681613,74.22677373449888,0.28077038820343064,0.4624923764992885,380.33489583333335,1204.45235376,1,TEST_2022,True,2022 UBEC public school indicators with richer infrastructure fields,0.6132712654863093,6.0,0.722688,2219338.0,109692050891.29,Medium,5859890077.440001,2.0,Capstone_Stage_ML1_Model_Ready_Dataset.xlsx,Model_Ready_Core_StateYear; Model_Ready_Expanded_2022,merged_with_expanded_2022_context,interim_merged,Interim state-year merge. Core UBEC-derived rows are retained for all available years; expanded NBS/DMO/context fields are joined where available for 2022.
