state,year,target_beni_expanded_score,beni_expanded_rank,target_beni_core_score,beni_core_rank,nbs_socioeconomic_need_proxy,school_age_basic_population,dmo_domestic_debt_stock_naira,fiscal_pressure_band,split_group,model_ready_flag,source_note,source_file,source_sheet,processed_dataset_name,processed_status
Abia,2022,0.2269636974552347,34,0.21319688769359288,33,0.297362,1275605,104573334025.73,Medium,CV_ONLY_2022,True,Final 2022 expanded BENI dataset; use 5-fold or leave-one-state-out CV due N=37,Capstone_Stage_ML1_Model_Ready_Dataset.xlsx,Model_Ready_Expanded_2022,beni_expanded_scores,final_processed_score_file
Adamawa,2022,0.47821127842868133,15,0.436265167514335,15,0.58143,1647586,122481259391.92,Medium,CV_ONLY_2022,True,Final 2022 expanded BENI dataset; use 5-fold or leave-one-state-out CV due N=37,Capstone_Stage_ML1_Model_Ready_Dataset.xlsx,Model_Ready_Expanded_2022,beni_expanded_scores,final_processed_score_file
Akwa Ibom,2022,0.4495622968005901,17,0.43044006937984064,16,0.478009,1383961,219617660991.63,High,CV_ONLY_2022,True,Final 2022 expanded BENI dataset; use 5-fold or leave-one-state-out CV due N=37,Capstone_Stage_ML1_Model_Ready_Dataset.xlsx,Model_Ready_Expanded_2022,beni_expanded_scores,final_processed_score_file
Anambra,2022,0.21836104564241002,35,0.22942102694554212,29,0.201208,1847508,75696142356.69,Low,CV_ONLY_2022,True,Final 2022 expanded BENI dataset; use 5-fold or leave-one-state-out CV due N=37,Capstone_Stage_ML1_Model_Ready_Dataset.xlsx,Model_Ready_Expanded_2022,beni_expanded_scores,final_processed_score_file
Bauchi,2022,0.5399745234943202,10,0.47670643290192827,11,0.703399,3166166,144278030172.82,High,CV_ONLY_2022,True,Final 2022 expanded BENI dataset; use 5-fold or leave-one-state-out CV due N=37,Capstone_Stage_ML1_Model_Ready_Dataset.xlsx,Model_Ready_Expanded_2022,beni_expanded_scores,final_processed_score_file
Bayelsa,2022,0.3938476408749833,19,0.33034545892417877,21,0.598393,794008,151158248963.07,High,CV_ONLY_2022,True,Final 2022 expanded BENI dataset; use 5-fold or leave-one-state-out CV due N=37,Capstone_Stage_ML1_Model_Ready_Dataset.xlsx,Model_Ready_Expanded_2022,beni_expanded_scores,final_processed_score_file
Benue,2022,0.3440312861214429,23,0.2485842402536425,25,0.67801,1936067,143368150982.89,Medium,CV_ONLY_2022,True,Final 2022 expanded BENI dataset; use 5-fold or leave-one-state-out CV due N=37,Capstone_Stage_ML1_Model_Ready_Dataset.xlsx,Model_Ready_Expanded_2022,beni_expanded_scores,final_processed_score_file
Borno,2022,0.649319458312419,3,0.635985076100218,3,0.601749,1906072,96329344297.36,Medium,CV_ONLY_2022,True,Final 2022 expanded BENI dataset; use 5-fold or leave-one-state-out CV due N=37,Capstone_Stage_ML1_Model_Ready_Dataset.xlsx,Model_Ready_Expanded_2022,beni_expanded_scores,final_processed_score_file
Cross River,2022,0.27710652741860303,27,0.19305403607544558,36,0.588259,1422316,175198799155.96,High,CV_ONLY_2022,True,Final 2022 expanded BENI dataset; use 5-fold or leave-one-state-out CV due N=37,Capstone_Stage_ML1_Model_Ready_Dataset.xlsx,Model_Ready_Expanded_2022,beni_expanded_scores,final_processed_score_file
Delta,2022,0.25083570327472376,31,0.22945920142424678,28,0.342217,1655631,272612510528.95,High,CV_ONLY_2022,True,Final 2022 expanded BENI dataset; use 5-fold or leave-one-state-out CV due N=37,Capstone_Stage_ML1_Model_Ready_Dataset.xlsx,Model_Ready_Expanded_2022,beni_expanded_scores,final_processed_score_file
Ebonyi,2022,0.3629204977702607,22,0.2716380987054616,22,0.676609,1025052,67060019562.44,Low,CV_ONLY_2022,True,Final 2022 expanded BENI dataset; use 5-fold or leave-one-state-out CV due N=37,Capstone_Stage_ML1_Model_Ready_Dataset.xlsx,Model_Ready_Expanded_2022,beni_expanded_scores,final_processed_score_file
Edo,2022,0.27056403383474986,29,0.2596332250152189,24,0.318674,1473259,110991259332.19,Medium,CV_ONLY_2022,True,Final 2022 expanded BENI dataset; use 5-fold or leave-one-state-out CV due N=37,Capstone_Stage_ML1_Model_Ready_Dataset.xlsx,Model_Ready_Expanded_2022,beni_expanded_scores,final_processed_score_file
Ekiti,2022,0.17092673976357228,36,0.15011793395805745,37,0.282275,1131635,118452808502.43,Medium,CV_ONLY_2022,True,Final 2022 expanded BENI dataset; use 5-fold or leave-one-state-out CV due N=37,Capstone_Stage_ML1_Model_Ready_Dataset.xlsx,Model_Ready_Expanded_2022,beni_expanded_scores,final_processed_score_file
Enugu,2022,0.31092872542172634,25,0.2468163218389733,26,0.540537,1434154,89887652914.75,Low,CV_ONLY_2022,True,Final 2022 expanded BENI dataset; use 5-fold or leave-one-state-out CV due N=37,Capstone_Stage_ML1_Model_Ready_Dataset.xlsx,Model_Ready_Expanded_2022,beni_expanded_scores,final_processed_score_file
FCT,2022,0.2348073799805532,32,0.22649502132522267,30,0.283288,880840,112489595162.94,Medium,CV_ONLY_2022,True,Final 2022 expanded BENI dataset; use 5-fold or leave-one-state-out CV due N=37,Capstone_Stage_ML1_Model_Ready_Dataset.xlsx,Model_Ready_Expanded_2022,beni_expanded_scores,final_processed_score_file
Gombe,2022,0.5310978991752059,11,0.46089184500016706,13,0.722098,1413214,139096654264.82,Medium,CV_ONLY_2022,True,Final 2022 expanded BENI dataset; use 5-fold or leave-one-state-out CV due N=37,Capstone_Stage_ML1_Model_Ready_Dataset.xlsx,Model_Ready_Expanded_2022,beni_expanded_scores,final_processed_score_file
Imo,2022,0.5878903638692669,7,0.6272765059752682,4,0.366297,1754241,207520959471.52,High,CV_ONLY_2022,True,Final 2022 expanded BENI dataset; use 5-fold or leave-one-state-out CV due N=37,Capstone_Stage_ML1_Model_Ready_Dataset.xlsx,Model_Ready_Expanded_2022,beni_expanded_scores,final_processed_score_file
Jigawa,2022,0.523873796489069,12,0.4673991304027356,12,0.66713,2757744,44406862432.83,Low,CV_ONLY_2022,True,Final 2022 expanded BENI dataset; use 5-fold or leave-one-state-out CV due N=37,Capstone_Stage_ML1_Model_Ready_Dataset.xlsx,Model_Ready_Expanded_2022,beni_expanded_scores,final_processed_score_file
Kaduna,2022,0.5567249427187381,9,0.5581142025667567,7,0.481345,2750033,86863069011.79,Low,CV_ONLY_2022,True,Final 2022 expanded BENI dataset; use 5-fold or leave-one-state-out CV due N=37,Capstone_Stage_ML1_Model_Ready_Dataset.xlsx,Model_Ready_Expanded_2022,beni_expanded_scores,final_processed_score_file
Kano,2022,0.5585826974055309,8,0.539020393931738,9,0.558577,5456652,125186662228.72,Medium,CV_ONLY_2022,True,Final 2022 expanded BENI dataset; use 5-fold or leave-one-state-out CV due N=37,Capstone_Stage_ML1_Model_Ready_Dataset.xlsx,Model_Ready_Expanded_2022,beni_expanded_scores,final_processed_score_file
Katsina,2022,0.7809727773862591,1,0.7846029241207911,1,0.635673,3844428,62374809154.32,Low,CV_ONLY_2022,True,Final 2022 expanded BENI dataset; use 5-fold or leave-one-state-out CV due N=37,Capstone_Stage_ML1_Model_Ready_Dataset.xlsx,Model_Ready_Expanded_2022,beni_expanded_scores,final_processed_score_file
Kebbi,2022,0.6208063949845395,5,0.5449676739814474,8,0.807484,1951520,60131306074.57,Low,CV_ONLY_2022,True,Final 2022 expanded BENI dataset; use 5-fold or leave-one-state-out CV due N=37,Capstone_Stage_ML1_Model_Ready_Dataset.xlsx,Model_Ready_Expanded_2022,beni_expanded_scores,final_processed_score_file
Kogi,2022,0.27121871059127395,28,0.19338515255505545,35,0.561469,1234128,90156501322.0,Low,CV_ONLY_2022,True,Final 2022 expanded BENI dataset; use 5-fold or leave-one-state-out CV due N=37,Capstone_Stage_ML1_Model_Ready_Dataset.xlsx,Model_Ready_Expanded_2022,beni_expanded_scores,final_processed_score_file
Kwara,2022,0.2657256429926266,30,0.23347478016656012,27,0.39239,1108383,109551279948.44,Medium,CV_ONLY_2022,True,Final 2022 expanded BENI dataset; use 5-fold or leave-one-state-out CV due N=37,Capstone_Stage_ML1_Model_Ready_Dataset.xlsx,Model_Ready_Expanded_2022,beni_expanded_scores,final_processed_score_file
Lagos,2022,0.16174238073952138,37,0.19409085688742564,34,0.083087,3782715,877035995031.7,High,CV_ONLY_2022,True,Final 2022 expanded BENI dataset; use 5-fold or leave-one-state-out CV due N=37,Capstone_Stage_ML1_Model_Ready_Dataset.xlsx,Model_Ready_Expanded_2022,beni_expanded_scores,final_processed_score_file
Nasarawa,2022,0.36395511677989006,21,0.33122610070997316,20,0.465279,901756,72627065374.64,Low,CV_ONLY_2022,True,Final 2022 expanded BENI dataset; use 5-fold or leave-one-state-out CV due N=37,Capstone_Stage_ML1_Model_Ready_Dataset.xlsx,Model_Ready_Expanded_2022,beni_expanded_scores,final_processed_score_file
Niger,2022,0.465129150898284,16,0.42653157568007194,17,0.559825,2367798,98262195557.88,Medium,CV_ONLY_2022,True,Final 2022 expanded BENI dataset; use 5-fold or leave-one-state-out CV due N=37,Capstone_Stage_ML1_Model_Ready_Dataset.xlsx,Model_Ready_Expanded_2022,beni_expanded_scores,final_processed_score_file
Ogun,2022,0.2831089893214948,26,0.22273030264485838,31,0.506861,2036732,241782021304.96,High,CV_ONLY_2022,True,Final 2022 expanded BENI dataset; use 5-fold or leave-one-state-out CV due N=37,Capstone_Stage_ML1_Model_Ready_Dataset.xlsx,Model_Ready_Expanded_2022,beni_expanded_scores,final_processed_score_file
Ondo,2022,0.34277829769330664,24,0.34769923759618815,19,0.313571,1663525,78824638559.93,Low,CV_ONLY_2022,True,Final 2022 expanded BENI dataset; use 5-fold or leave-one-state-out CV due N=37,Capstone_Stage_ML1_Model_Ready_Dataset.xlsx,Model_Ready_Expanded_2022,beni_expanded_scores,final_processed_score_file
Osun,2022,0.23384002082242206,33,0.21923753339182808,32,0.30537,1274894,149409835462.63,High,CV_ONLY_2022,True,Final 2022 expanded BENI dataset; use 5-fold or leave-one-state-out CV due N=37,Capstone_Stage_ML1_Model_Ready_Dataset.xlsx,Model_Ready_Expanded_2022,beni_expanded_scores,final_processed_score_file
Oyo,2022,0.5123848245834745,13,0.5242413148157077,10,0.411313,2473608,160071143937.27,High,CV_ONLY_2022,True,Final 2022 expanded BENI dataset; use 5-fold or leave-one-state-out CV due N=37,Capstone_Stage_ML1_Model_Ready_Dataset.xlsx,Model_Ready_Expanded_2022,beni_expanded_scores,final_processed_score_file
Plateau,2022,0.3677203486101616,20,0.2697885563393916,23,0.70417,1471108,151903415543.09,High,CV_ONLY_2022,True,Final 2022 expanded BENI dataset; use 5-fold or leave-one-state-out CV due N=37,Capstone_Stage_ML1_Model_Ready_Dataset.xlsx,Model_Ready_Expanded_2022,beni_expanded_scores,final_processed_score_file
Rivers,2022,0.4070459394426853,18,0.40455693338508514,18,0.386965,2109699,225505011356.0,High,CV_ONLY_2022,True,Final 2022 expanded BENI dataset; use 5-fold or leave-one-state-out CV due N=37,Capstone_Stage_ML1_Model_Ready_Dataset.xlsx,Model_Ready_Expanded_2022,beni_expanded_scores,final_processed_score_file
Sokoto,2022,0.6289216614981056,4,0.5777019476738472,5,0.724193,2410947,85584818029.23,Low,CV_ONLY_2022,True,Final 2022 expanded BENI dataset; use 5-fold or leave-one-state-out CV due N=37,Capstone_Stage_ML1_Model_Ready_Dataset.xlsx,Model_Ready_Expanded_2022,beni_expanded_scores,final_processed_score_file
Taraba,2022,0.5098065591685871,14,0.45194611580453314,14,0.661959,1206243,90807647838.11,Low,CV_ONLY_2022,True,Final 2022 expanded BENI dataset; use 5-fold or leave-one-state-out CV due N=37,Capstone_Stage_ML1_Model_Ready_Dataset.xlsx,Model_Ready_Expanded_2022,beni_expanded_scores,final_processed_score_file
Yobe,2022,0.7345871356586402,2,0.724424398184496,2,0.652029,1278008,92859643611.94,Medium,CV_ONLY_2022,True,Final 2022 expanded BENI dataset; use 5-fold or leave-one-state-out CV due N=37,Capstone_Stage_ML1_Model_Ready_Dataset.xlsx,Model_Ready_Expanded_2022,beni_expanded_scores,final_processed_score_file
Zamfara,2022,0.6132712654863093,6,0.5593369904698434,6,0.722688,2219338,109692050891.29,Medium,CV_ONLY_2022,True,Final 2022 expanded BENI dataset; use 5-fold or leave-one-state-out CV due N=37,Capstone_Stage_ML1_Model_Ready_Dataset.xlsx,Model_Ready_Expanded_2022,beni_expanded_scores,final_processed_score_file
