state,year,target_beni_core_score,beni_rank_within_year,priority_band_within_year,pupil_teacher_ratio,pupil_classroom_ratio,unqualified_teacher_share,bad_classroom_share,enrolment_per_school,pupil_teacher_ratio_norm,pupil_classroom_ratio_norm,unqualified_teacher_share_norm,bad_classroom_share_norm,enrolment_per_school_norm,matching_grant_million_naira,core_indicator_completeness,split_group,model_ready_flag,source_note,processed_source_file,processed_source_sheet,processed_dataset_name,processed_status
Abia,2018,0.2811446244790875,23,Medium Need,16.316241165440648,23.249511869283733,0.26929179287465743,0.5369437878943583,111.94507669470559,0.0484997601462542,0.047917146317248346,0.46959175807034065,0.8328624806364977,0.0068519772250966995,1473.8328392,1,TRAIN_2018_2020,True,Common 2018-2020 UBEC public school indicators,Capstone_Stage_ML1_Model_Ready_Dataset.xlsx,Model_Ready_Core_StateYear,beni_core_model_ready,final_model_ready
Abia,2019,0.20965983432422913,26,Lower Need,24.73072295745379,22.9696261682243,0.0784206496773488,0.5307801706623324,110.89406571848946,0.1174325544881229,0.04537870850042637,0.0637226816447031,0.8157844512240012,0.005980775763891924,1519.88407868,1,TRAIN_2018_2020,True,Common 2018-2020 UBEC public school indicators,Capstone_Stage_ML1_Model_Ready_Dataset.xlsx,Model_Ready_Core_StateYear,beni_core_model_ready,final_model_ready
Abia,2020,0.2107342999775496,26,Lower Need,24.693421332765595,23.5646078829744,0.07738982329146264,0.5307801706623324,113.87825233186058,0.11712697355196953,0.05077492588245876,0.061530728758654216,0.8157844512240012,0.008454420470664248,0.0,1,TRAIN_2018_2020,True,Common 2018-2020 UBEC public school indicators,Capstone_Stage_ML1_Model_Ready_Dataset.xlsx,Model_Ready_Core_StateYear,beni_core_model_ready,final_model_ready
Abia,2022,0.21027488100596567,30,Lower Need,30.500511770726714,30.594455852156056,0.1142644458918768,0.41179764793727835,279.9222886421862,0.16469959665331868,0.11453249500418555,0.13994105714916952,0.4861100171735885,0.14609123904956603,0.0,1,TEST_2022,True,2022 UBEC public school indicators with richer infrastructure fields,Capstone_Stage_ML1_Model_Ready_Dataset.xlsx,Model_Ready_Core_StateYear,beni_core_model_ready,final_model_ready
Adamawa,2018,0.3727462947680726,16,Medium Need,24.037105390966488,47.66829330936176,0.28340618423182773,0.5452677539488892,256.96988577362407,0.11175032731782232,0.269384545378988,0.499604649953756,0.8559263620808645,0.1270655891089322,1473.8328392,1,TRAIN_2018_2020,True,Common 2018-2020 UBEC public school indicators,Capstone_Stage_ML1_Model_Ready_Dataset.xlsx,Model_Ready_Core_StateYear,beni_core_model_ready,final_model_ready
Adamawa,2019,0.3721854271050057,17,Medium Need,26.435919295254333,47.786310517529216,0.2720943449843706,0.5452677539488892,257.6060920733818,0.13140179839066282,0.27045490854192933,0.47555111482458906,0.8559263620808645,0.1275929516869826,1519.88407886,1,TRAIN_2018_2020,True,Common 2018-2020 UBEC public school indicators,Capstone_Stage_ML1_Model_Ready_Dataset.xlsx,Model_Ready_Core_StateYear,beni_core_model_ready,final_model_ready
Adamawa,2020,0.37699920089024175,17,Medium Need,28.030739924550854,48.187170925902144,0.2747170657005192,0.5452677539488892,259.76704742125304,0.14446682665607724,0.27409053271289924,0.48112807746521846,0.8559263620808645,0.1293842055361494,715.07413514,1,TRAIN_2018_2020,True,Common 2018-2020 UBEC public school indicators,Capstone_Stage_ML1_Model_Ready_Dataset.xlsx,Model_Ready_Core_StateYear,beni_core_model_ready,final_model_ready
Adamawa,2022,0.34403684036981236,17,Medium Need,31.352943366720037,55.44883445278546,0.25565029601221284,0.4401422362702489,348.96228760878574,0.17168285401242225,0.3399505650043062,0.4405844307191327,0.5646466451005095,0.203319707012691,0.0,1,TEST_2022,True,2022 UBEC public school indicators with richer infrastructure fields,Capstone_Stage_ML1_Model_Ready_Dataset.xlsx,Model_Ready_Core_StateYear,beni_core_model_ready,final_model_ready
Akwa Ibom,2018,0.5605002047151899,1,High Need,102.70476706392199,71.98185200653025,0.214409534127844,0.4804282622726755,739.730784237222,0.7562085218325154,0.4898976213410471,0.3528899282568326,0.6762703736810566,0.5272345784644978,1473.83709721,1,TRAIN_2018_2020,True,Common 2018-2020 UBEC public school indicators,Capstone_Stage_ML1_Model_Ready_Dataset.xlsx,Model_Ready_Core_StateYear,beni_core_model_ready,final_model_ready
Akwa Ibom,2019,0.5646110565482891,2,High Need,132.46388206388207,71.2512932824831,0.11842751842751843,0.47781595740663824,733.3649436455499,1.0,0.4832717812730807,0.14879342936652012,0.669032250731957,0.5219578213698879,1519.88407886,1,TRAIN_2018_2020,True,Common 2018-2020 UBEC public school indicators,Capstone_Stage_ML1_Model_Ready_Dataset.xlsx,Model_Ready_Core_StateYear,beni_core_model_ready,final_model_ready
Akwa Ibom,2020,0.553382046589419,2,High Need,124.15404986435861,72.58063663482234,0.11303449166774318,0.47781595740663824,747.0474154683249,0.9319245120277165,0.4953283294438007,0.1373256781210317,0.669032250731957,0.5332994626225891,715.07413514,1,TRAIN_2018_2020,True,Common 2018-2020 UBEC public school indicators,Capstone_Stage_ML1_Model_Ready_Dataset.xlsx,Model_Ready_Core_StateYear,beni_core_model_ready,final_model_ready
Akwa Ibom,2022,0.4121288349029659,12,High Need,55.88285513918956,50.26024241759447,0.10266182882580724,0.3373553447046564,1310.071479628306,0.3726358544741748,0.29289236164366644,0.11526921103433785,0.27984674736265064,1.0,1204.45235376,1,TEST_2022,True,2022 UBEC public school indicators with richer infrastructure fields,Capstone_Stage_ML1_Model_Ready_Dataset.xlsx,Model_Ready_Core_StateYear,beni_core_model_ready,final_model_ready
Anambra,2018,0.27353723863589197,25,Medium Need,34.33136812900988,40.909635649838144,0.30304606670134676,0.34196570011708793,259.9417943107221,0.19608259087994176,0.20808655077280766,0.5413669657521776,0.2926210294719388,0.12952905630259387,1473.8328452,1,TRAIN_2018_2020,True,Common 2018-2020 UBEC public school indicators,Capstone_Stage_ML1_Model_Ready_Dataset.xlsx,Model_Ready_Core_StateYear,beni_core_model_ready,final_model_ready
Anambra,2019,0.19576253484218395,28,Lower Need,44.42159440979788,40.71953991321716,0.08257570065369299,0.34196570011708793,258.7339168490153,0.27874335481868817,0.20636246767449723,0.07255799678988971,0.2926210294719388,0.12852782545590585,1519.88407886,1,TRAIN_2018_2020,True,Common 2018-2020 UBEC public school indicators,Capstone_Stage_ML1_Model_Ready_Dataset.xlsx,Model_Ready_Core_StateYear,beni_core_model_ready,final_model_ready
Anambra,2020,0.20642587068340915,28,Lower Need,47.2217387926346,41.86176733934844,0.08911506487452413,0.34196570011708793,266.10814360770576,0.3016825900135204,0.2167219582913014,0.0864633240816949,0.2926210294719388,0.13464045155859017,715.07413514,1,TRAIN_2018_2020,True,Common 2018-2020 UBEC public school indicators,Capstone_Stage_ML1_Model_Ready_Dataset.xlsx,Model_Ready_Core_StateYear,beni_core_model_ready,final_model_ready
Anambra,2022,0.20219177981346675,32,Lower Need,21.699371623856244,30.01906359615678,0.18994598169992283,0.3623608357480555,295.54804804804803,0.09259923459726888,0.10931394522973704,0.30087054353639503,0.34913147018647933,0.15904370551745345,0.0,1,TEST_2022,True,2022 UBEC public school indicators with richer infrastructure fields,Capstone_Stage_ML1_Model_Ready_Dataset.xlsx,Model_Ready_Core_StateYear,beni_core_model_ready,final_model_ready
Bauchi,2018,0.3765244005912122,15,Medium Need,34.834669050735975,61.26731060818779,0.19847376991602542,0.5427079238501713,250.6863511029412,0.20020571334748916,0.39272153491539064,0.3190040626700081,0.8488336351850821,0.12185705683809121,1473.8328392,1,TRAIN_2018_2020,True,Common 2018-2020 UBEC public school indicators,Capstone_Stage_ML1_Model_Ready_Dataset.xlsx,Model_Ready_Core_StateYear,beni_core_model_ready,final_model_ready
Bauchi,2019,0.384478195272105,15,Medium Need,43.267692185703524,60.978990892328326,0.18986639178527534,0.5399787673911829,249.67764813543812,0.26929040136650756,0.3901066043658746,0.3007013032593701,0.8412717421402427,0.12102092522852986,1519.86407886,1,TRAIN_2018_2020,True,Common 2018-2020 UBEC public school indicators,Capstone_Stage_ML1_Model_Ready_Dataset.xlsx,Model_Ready_Core_StateYear,beni_core_model_ready,final_model_ready
Bauchi,2020,0.3926951365885345,14,Medium Need,46.948036459664365,61.51956242674555,0.19260584376863446,0.5393760116090863,251.94194285714286,0.29944037628059206,0.39500934580807057,0.30652648368095425,0.8396016382730346,0.12289783890002112,715.07413514,1,TRAIN_2018_2020,True,Common 2018-2020 UBEC public school indicators,Capstone_Stage_ML1_Model_Ready_Dataset.xlsx,Model_Ready_Core_StateYear,beni_core_model_ready,final_model_ready
Bauchi,2022,0.4195484300476191,11,High Need,47.83133020228542,72.59805792546027,0.12895233164453979,0.5721261787157611,337.7923739879864,0.3066764613311712,0.49548633273873777,0.17117342955088025,0.9303451572258056,0.19406076939150071,0.0,1,TEST_2022,True,2022 UBEC public school indicators with richer infrastructure fields,Capstone_Stage_ML1_Model_Ready_Dataset.xlsx,Model_Ready_Core_StateYear,beni_core_model_ready,final_model_ready
Bayelsa,2018,0.26368993140964747,27,Lower Need,15.113072877535688,30.92313604919293,0.2716003005259204,0.46758903407635155,160.49601063829786,0.0386432111395722,0.11751347702163319,0.47450057693444236,0.6406956926915779,0.04709669926101183,1473.83284521,1,TRAIN_2018_2020,True,Common 2018-2020 UBEC public school indicators,Capstone_Stage_ML1_Model_Ready_Dataset.xlsx,Model_Ready_Core_StateYear,beni_core_model_ready,final_model_ready
Bayelsa,2019,0.1931819752527147,29,Lower Need,18.72459975369458,28.045884251786948,0.17256773399014777,0.42079778648835603,141.4360465116279,0.06822942281224982,0.09141809328674431,0.2639173759191656,0.5110474240737454,0.03129756017166825,1519.86407886,1,TRAIN_2018_2020,True,Common 2018-2020 UBEC public school indicators,Capstone_Stage_ML1_Model_Ready_Dataset.xlsx,Model_Ready_Core_StateYear,beni_core_model_ready,final_model_ready
Bayelsa,2020,0.1840812271325031,34,Lower Need,15.04129285977633,28.1617579383341,0.1657859161853263,0.4199263690750115,141.98491879350348,0.038055177636812945,0.09246901566967594,0.2494964944657314,0.5086329178421882,0.031752530048106985,715.07413514,1,TRAIN_2018_2020,True,Common 2018-2020 UBEC public school indicators,Capstone_Stage_ML1_Model_Ready_Dataset.xlsx,Model_Ready_Core_StateYear,beni_core_model_ready,final_model_ready
Bayelsa,2022,0.284009180739485,21,Medium Need,21.391297262059975,30.833215879727508,0.19214471968709257,0.538642236316655,188.3170731707317,0.09007543965081574,0.11669794140190677,0.30554594779712213,0.8375685081232269,0.07015806672435358,1204.45235376,1,TEST_2022,True,2022 UBEC public school indicators with richer infrastructure fields,Capstone_Stage_ML1_Model_Ready_Dataset.xlsx,Model_Ready_Core_StateYear,beni_core_model_ready,final_model_ready
Benue,2018,0.2594343785156279,28,Lower Need,18.529801597102164,25.078718662952646,0.13126697950111138,0.5841225626740947,135.46885344568162,0.06663360484051141,0.06450723177806583,0.17609530496934603,0.963584501976077,0.026351249014139162,1473.8328392,1,TRAIN_2018_2020,True,Common 2018-2020 UBEC public school indicators,Capstone_Stage_ML1_Model_Ready_Dataset.xlsx,Model_Ready_Core_StateYear,beni_core_model_ready,final_model_ready
Benue,2019,0.2522252402736915,22,Medium Need,23.416053477044255,25.174540389972144,0.09488029847652607,0.5841225626740947,135.98645801986157,0.10666256969754195,0.06537629187873827,0.09872253727770815,0.963584501976077,0.026780300538391866,1519.86407886,1,TRAIN_2018_2020,True,Common 2018-2020 UBEC public school indicators,Capstone_Stage_ML1_Model_Ready_Dataset.xlsx,Model_Ready_Core_StateYear,beni_core_model_ready,final_model_ready
Benue,2020,0.25601872773049583,22,Medium Need,25.669701425016964,25.289303621169918,0.09432255145894594,0.5841225626740947,136.77101536607412,0.125124817802236,0.06641714292954363,0.09753654203970408,0.963584501976077,0.027430633904918723,715.07413514,1,TRAIN_2018_2020,True,Common 2018-2020 UBEC public school indicators,Capstone_Stage_ML1_Model_Ready_Dataset.xlsx,Model_Ready_Core_StateYear,beni_core_model_ready,final_model_ready
Benue,2022,0.2340571650619915,25,Medium Need,24.527340860904296,25.47833435771358,0.11015235935111681,0.5301167793484942,153.43584207279457,0.1157664154933756,0.06813156695466471,0.131197101732319,0.8139463396179047,0.04124440151169355,0.0,1,TEST_2022,True,2022 UBEC public school indicators with richer infrastructure fields,Capstone_Stage_ML1_Model_Ready_Dataset.xlsx,Model_Ready_Core_StateYear,beni_core_model_ready,final_model_ready
Borno,2018,0.4819974172321306,7,High Need,30.945400703312973,73.78552515445719,0.30270220248010365,0.5606796116504854,460.9179875947622,0.16834419866838884,0.5062561280834541,0.5406357716515194,0.8986292343100928,0.296121753447198,1473.8328452,1,TRAIN_2018_2020,True,Common 2018-2020 UBEC public school indicators,Capstone_Stage_ML1_Model_Ready_Dataset.xlsx,Model_Ready_Core_StateYear,beni_core_model_ready,final_model_ready
Borno,2019,0.49246644261251193,6,High Need,46.35014569168864,73.70818623124448,0.2684889690578604,0.5606796116504854,460.43487250172296,0.2945423585099799,0.5055546987262118,0.46788463065653835,0.8986292343100928,0.29572129085973653,1519.8840788,1,TRAIN_2018_2020,True,Common 2018-2020 UBEC public school indicators,Capstone_Stage_ML1_Model_Ready_Dataset.xlsx,Model_Ready_Core_StateYear,beni_core_model_ready,final_model_ready
Borno,2020,0.496093572927057,6,High Need,47.179886784541196,74.48113415710503,0.26864211335523097,0.5606796116504854,465.263266712612,0.30133973160132016,0.5125649898486649,0.4682102772340799,0.8986292343100928,0.29972363164112736,715.07413514,1,TRAIN_2018_2020,True,Common 2018-2020 UBEC public school indicators,Capstone_Stage_ML1_Model_Ready_Dataset.xlsx,Model_Ready_Core_StateYear,beni_core_model_ready,final_model_ready
Borno,2022,0.49572986437132477,6,High Need,48.71341429906028,80.73941160397122,0.313458262350937,0.45304672556699155,624.2521126760563,0.3139026367675396,0.5693247602805089,0.5635074955413962,0.6004021502636003,0.4315122790035785,1204.45235376,1,TEST_2022,True,2022 UBEC public school indicators with richer infrastructure fields,Capstone_Stage_ML1_Model_Ready_Dataset.xlsx,Model_Ready_Core_StateYear,beni_core_model_ready,final_model_ready
Cross River,2018,0.2042145328385616,36,Lower Need,15.769494335451782,24.12691299568783,0.2020447637468914,0.44677432992305743,117.621187139324,0.04402072177879768,0.05587478113516068,0.3265974366278357,0.5830227197666302,0.011557004884383793,1473.8328452,1,TRAIN_2018_2020,True,Common 2018-2020 UBEC public school indicators,Capstone_Stage_ML1_Model_Ready_Dataset.xlsx,Model_Ready_Core_StateYear,beni_core_model_ready,final_model_ready
Cross River,2019,0.17265429680671535,37,Lower Need,19.42691682470875,24.251204870212227,0.11297751286914115,0.44677432992305743,118.22712283594394,0.07398291772918644,0.05700205270859993,0.137204518201428,0.5830227197666302,0.012059275627732222,1519.86407886,1,TRAIN_2018_2020,True,Common 2018-2020 UBEC public school indicators,Capstone_Stage_ML1_Model_Ready_Dataset.xlsx,Model_Ready_Core_StateYear,beni_core_model_ready,final_model_ready
Cross River,2020,0.17519647967165172,37,Lower Need,20.378316273240024,24.74448296271244,0.11224845066499547,0.44677432992305743,120.63190436933223,0.08177693572620955,0.061475863837473735,0.1356542377425974,0.5830227197666302,0.014052641285347679,715.07413514,1,TRAIN_2018_2020,True,Common 2018-2020 UBEC public school indicators,Capstone_Stage_ML1_Model_Ready_Dataset.xlsx,Model_Ready_Core_StateYear,beni_core_model_ready,final_model_ready
Cross River,2022,0.18095001031583563,36,Lower Need,12.988239137536752,19.948319116909182,0.16067733856038333,0.4427997992975414,169.9017094017094,0.021236229838710933,0.017976808202345214,0.23863359687025293,0.5720101684727659,0.05489324819510307,1204.45235376,1,TEST_2022,True,2022 UBEC public school indicators with richer infrastructure fields,Capstone_Stage_ML1_Model_Ready_Dataset.xlsx,Model_Ready_Core_StateYear,beni_core_model_ready,final_model_ready
Delta,2018,0.2683612629513222,26,Lower Need,21.412552806276402,37.069652434352584,0.24019312009656005,0.4373476352998537,240.8185520361991,0.09024956850322899,0.17325962473388057,0.4077162369841089,0.5569034196904993,0.11367746484489312,1473.8328452,1,TRAIN_2018_2020,True,Common 2018-2020 UBEC public school indicators,Capstone_Stage_ML1_Model_Ready_Dataset.xlsx,Model_Ready_Core_StateYear,beni_core_model_ready,final_model_ready
Delta,2019,0.2173235948477811,25,Medium Need,28.771831893081423,37.11986704521848,0.094680908163813,0.43480368395540475,241.46306306306306,0.150537971798208,0.17371504873981045,0.0982985530089839,0.5498546893347728,0.11421171135713028,1519.88407886,1,TRAIN_2018_2020,True,Common 2018-2020 UBEC public school indicators,Capstone_Stage_ML1_Model_Ready_Dataset.xlsx,Model_Ready_Core_StateYear,beni_core_model_ready,final_model_ready
Delta,2020,0.21768172487178677,25,Medium Need,28.310395162131165,37.57091462570914,0.0948284850380565,0.43441261934412617,244.1771582733813,0.14675780754536355,0.17780584805956715,0.0986123609982255,0.5487711352005381,0.11646147255523968,715.07413514,1,TRAIN_2018_2020,True,Common 2018-2020 UBEC public school indicators,Capstone_Stage_ML1_Model_Ready_Dataset.xlsx,Model_Ready_Core_StateYear,beni_core_model_ready,final_model_ready
Delta,2022,0.21015932948819582,31,Lower Need,25.746430405752438,37.935749962161346,0.1292758089368259,0.3777054639019222,321.3352564102564,0.1257533940092842,0.1811147409807049,0.17186127281343727,0.3916480641069983,0.18041917553055442,1204.45235376,1,TEST_2022,True,2022 UBEC public school indicators with richer infrastructure fields,Capstone_Stage_ML1_Model_Ready_Dataset.xlsx,Model_Ready_Core_StateYear,beni_core_model_ready,final_model_ready
Ebonyi,2018,0.3246343386482827,20,Medium Need,33.10366417644966,39.834931506849315,0.1592315901814301,0.5593321917808219,234.39395465994963,0.18602504174425272,0.1983394660588273,0.2355593523853072,0.894895829833655,0.10835200321937159,1473.8328452,1,TRAIN_2018_2020,True,Common 2018-2020 UBEC public school indicators,Capstone_Stage_ML1_Model_Ready_Dataset.xlsx,Model_Ready_Core_StateYear,beni_core_model_ready,final_model_ready
Ebonyi,2019,0.2986190755040859,20,Medium Need,36.55764558350968,39.93484589041096,0.08409749980405988,0.5593321917808219,234.98186397984887,0.2143206154799401,0.19924564471932085,0.0757939559051251,0.894895829833655,0.10883933158238844,1519.88407886,1,TRAIN_2018_2020,True,Common 2018-2020 UBEC public school indicators,Capstone_Stage_ML1_Model_Ready_Dataset.xlsx,Model_Ready_Core_StateYear,beni_core_model_ready,final_model_ready
Ebonyi,2020,0.301778120527817,20,Medium Need,38.51360821382008,40.46566780821918,0.08050847457627118,0.5593321917808219,238.10528967254407,0.23034417736625198,0.20405996151028907,0.06816223992087539,0.894895829833655,0.11142839400801341,715.07413514,1,TRAIN_2018_2020,True,Common 2018-2020 UBEC public school indicators,Capstone_Stage_ML1_Model_Ready_Dataset.xlsx,Model_Ready_Core_StateYear,beni_core_model_ready,final_model_ready
Ebonyi,2022,0.2616656162227856,22,Medium Need,29.960140474100086,33.99203107879271,0.10272168568920105,0.512102799083574,252.4008875739645,0.16027278768524073,0.1453469789458304,0.11539649088113096,0.7640335573636893,0.12327826623803685,0.0,1,TEST_2022,True,2022 UBEC public school indicators with richer infrastructure fields,Capstone_Stage_ML1_Model_Ready_Dataset.xlsx,Model_Ready_Core_StateYear,beni_core_model_ready,final_model_ready
Edo,2018,0.22128900998858886,31,Lower Need,30.846691806650668,36.84676494676495,0.14405210833047652,0.4084357084357084,209.3527221963704,0.16753555943884124,0.17123813515707384,0.20328164829518403,0.47679482131870676,0.08759488573313864,1473.83284521,1,TRAIN_2018_2020,True,Common 2018-2020 UBEC public school indicators,Capstone_Stage_ML1_Model_Ready_Dataset.xlsx,Model_Ready_Core_StateYear,beni_core_model_ready,final_model_ready
Edo,2019,0.2019329926926285,27,Lower Need,42.98962497620408,36.99009009009009,0.0508280982295831,0.4084357084357084,210.1670544439274,0.2670124298598324,0.17253802994462755,0.005049782301532705,0.47679482131870676,0.08826990003844305,1519.88407886,1,TRAIN_2018_2020,True,Common 2018-2020 UBEC public school indicators,Capstone_Stage_ML1_Model_Ready_Dataset.xlsx,Model_Ready_Core_StateYear,beni_core_model_ready,final_model_ready
Edo,2020,0.20760598461101504,27,Lower Need,45.9990990089098,37.63185913185913,0.04845329862849134,0.4084357084357084,213.71395348837208,0.2916665273671331,0.17835858740478228,0.0,0.47679482131870676,0.09120998696445302,715.07413514,1,TRAIN_2018_2020,True,Common 2018-2020 UBEC public school indicators,Capstone_Stage_ML1_Model_Ready_Dataset.xlsx,Model_Ready_Core_StateYear,beni_core_model_ready,final_model_ready
Edo,2022,0.23201160417018887,26,Lower Need,35.16823438704703,41.3912885662432,0.15528141865844255,0.350453720508167,346.6048632218845,0.202938334475665,0.21245492676685512,0.22715969363699404,0.3161394694457125,0.20136559652571756,0.0,1,TEST_2022,True,2022 UBEC public school indicators with richer infrastructure fields,Capstone_Stage_ML1_Model_Ready_Dataset.xlsx,Model_Ready_Core_StateYear,beni_core_model_ready,final_model_ready
Ekiti,2018,0.2045617401306989,35,Lower Need,20.289532941091014,29.084339858392337,0.1122248855959904,0.47542690545606,155.44017807456873,0.08104960832479753,0.10083642002840999,0.13560412889621667,0.6624127125705084,0.04290583083356193,1473.8328452,1,TRAIN_2018_2020,True,Common 2018-2020 UBEC public school indicators,Capstone_Stage_ML1_Model_Ready_Dataset.xlsx,Model_Ready_Core_StateYear,beni_core_model_ready,final_model_ready
Ekiti,2019,0.184650205603724,35,Lower Need,24.304646710755307,29.08256976259892,0.049947789766794294,0.47542690545606,155.43071786310517,0.11394206903535269,0.10082036605321797,0.003177891261448012,0.6624127125705084,0.04289798909809306,1519.88407886,1,TRAIN_2018_2020,True,Common 2018-2020 UBEC public school indicators,Capstone_Stage_ML1_Model_Ready_Dataset.xlsx,Model_Ready_Core_StateYear,beni_core_model_ready,final_model_ready
Ekiti,2020,0.18703872155219722,32,Lower Need,25.736031002162942,29.638505448884278,0.04848594087959625,0.473897249610794,158.47225305216426,0.1256682004148797,0.10586245346406414,6.941059861891789e-05,0.6581743722367328,0.045419171046690625,715.07413514,1,TRAIN_2018_2020,True,Common 2018-2020 UBEC public school indicators,Capstone_Stage_ML1_Model_Ready_Dataset.xlsx,Model_Ready_Core_StateYear,beni_core_model_ready,final_model_ready
Ekiti,2022,0.16138707170275832,37,Lower Need,18.00805112881806,24.84665597801191,0.09063745019920319,0.42304168575355017,194.4094982078853,0.06235934070672485,0.06240252727513121,0.08970052964006842,0.5172647760291116,0.07520818486275564,1204.45235376,1,TEST_2022,True,2022 UBEC public school indicators with richer infrastructure fields,Capstone_Stage_ML1_Model_Ready_Dataset.xlsx,Model_Ready_Core_StateYear,beni_core_model_ready,final_model_ready
Enugu,2018,0.2546900031589669,29,Lower Need,16.99677610015582,24.310405779280664,0.26081349739401427,0.4878573624346757,119.8662372110648,0.0540748122833573,0.0575389784100585,0.45156348046509176,0.6968547783088761,0.013417966327450834,1473.83284521,1,TRAIN_2018_2020,True,Common 2018-2020 UBEC public school indicators,Capstone_Stage_ML1_Model_Ready_Dataset.xlsx,Model_Ready_Core_StateYear,beni_core_model_ready,final_model_ready
Enugu,2019,0.18026885653813518,36,Lower Need,20.333397374319564,24.079023206431064,0.08267691322446366,0.4814196875473988,119.00524737631184,0.0814089528488461,0.05544044221884998,0.07277321555964837,0.6790173953348415,0.012704276728489899,1519.88407886,1,TRAIN_2018_2020,True,Common 2018-2020 UBEC public school indicators,Capstone_Stage_ML1_Model_Ready_Dataset.xlsx,Model_Ready_Core_StateYear,beni_core_model_ready,final_model_ready
Enugu,2020,0.18375922485096655,35,Lower Need,21.034688066269737,24.694423339917947,0.0832254724307533,0.4822975231727701,122.0533233195644,0.08715403950266158,0.061021845503859765,0.07393967380311059,0.6814496850220615,0.015230880423139293,715.07413514,1,TRAIN_2018_2020,True,Common 2018-2020 UBEC public school indicators,Capstone_Stage_ML1_Model_Ready_Dataset.xlsx,Model_Ready_Core_StateYear,beni_core_model_ready,final_model_ready
Enugu,2022,0.2466415230998113,24,Medium Need,17.92773995168021,17.966213613602598,0.11624203821656051,0.5735981951246355,215.79643093192334,0.06170141856798404,0.0,0.14414621648819062,0.9344237913427674,0.09293618910011439,1204.45235376,1,TEST_2022,True,2022 UBEC public school indicators with richer infrastructure fields,Capstone_Stage_ML1_Model_Ready_Dataset.xlsx,Model_Ready_Core_StateYear,beni_core_model_ready,final_model_ready
FCT,2018,0.21514487644267927,32,Lower Need,18.581970330924307,51.36233407806545,0.18871243818942562,0.31305033512945196,338.95576756287943,0.06706097953672274,0.302887838861524,0.2982475322369929,0.21250290481519263,0.19502512676296418,1473.8328452,1,TRAIN_2018_2020,True,Common 2018-2020 UBEC public school indicators,Capstone_Stage_ML1_Model_Ready_Dataset.xlsx,Model_Ready_Core_StateYear,beni_core_model_ready,final_model_ready
FCT,2019,0.19220859098191284,30,Lower Need,21.079859072225485,51.89762123800762,0.12149682378690012,0.31305033512945196,342.4882914137034,0.08752408768159024,0.3077426533965755,0.15532001117775154,0.21250290481519263,0.19795329783845414,1519.88407886,1,TRAIN_2018_2020,True,Common 2018-2020 UBEC public school indicators,Capstone_Stage_ML1_Model_Ready_Dataset.xlsx,Model_Ready_Core_StateYear,beni_core_model_ready,final_model_ready
FCT,2020,0.19400097378112788,29,Lower Need,21.122291512525102,52.526744644499935,0.12112884473100095,0.31305033512945196,346.94097222222223,0.08787170108820234,0.3134485206146683,0.15453753920708083,0.21250290481519263,0.20164420318049536,715.07413514,1,TRAIN_2018_2020,True,Common 2018-2020 UBEC public school indicators,Capstone_Stage_ML1_Model_Ready_Dataset.xlsx,Model_Ready_Core_StateYear,beni_core_model_ready,final_model_ready
FCT,2022,0.2290236937480151,27,Lower Need,17.288137976285327,46.458060453400506,0.07409663964006187,0.4125944584382871,450.3992673992674,0.0564616958470439,0.25840827600508337,0.05452809135257781,0.48831780403966896,0.28740260149570135,1204.45235375,1,TEST_2022,True,2022 UBEC public school indicators with richer infrastructure fields,Capstone_Stage_ML1_Model_Ready_Dataset.xlsx,Model_Ready_Core_StateYear,beni_core_model_ready,final_model_ready
Gombe,2018,0.3947217937534817,12,High Need,29.84801077496892,59.95068151076891,0.38178615830915874,0.4469878264488607,273.85266159695817,0.15935420307351086,0.3807802993361334,0.7088001760489102,0.5836142717416927,0.14106001856716144,1473.8328452,1,TRAIN_2018_2020,True,Common 2018-2020 UBEC public school indicators,Capstone_Stage_ML1_Model_Ready_Dataset.xlsx,Model_Ready_Core_StateYear,beni_core_model_ready,final_model_ready
Gombe,2019,0.3971267611663291,13,High Need,33.136071223434804,60.02486733950681,0.3743251005169443,0.4469878264488607,274.1915399239544,0.18629052550906097,0.3814531315402358,0.6929349562752012,0.5836142717416927,0.14134092076545496,1519.88407886,1,TRAIN_2018_2020,True,Common 2018-2020 UBEC public school indicators,Capstone_Stage_ML1_Model_Ready_Dataset.xlsx,Model_Ready_Core_StateYear,beni_core_model_ready,final_model_ready
Gombe,2020,0.4041004143863064,12,High Need,36.34137801675628,60.4769534907918,0.3756408653244967,0.4469878264488607,276.25665399239546,0.21254891663141695,0.3855533502314351,0.6957328032325205,0.5836142717416927,0.1430527300944666,715.07413514,1,TRAIN_2018_2020,True,Common 2018-2020 UBEC public school indicators,Capstone_Stage_ML1_Model_Ready_Dataset.xlsx,Model_Ready_Core_StateYear,beni_core_model_ready,final_model_ready
Gombe,2022,0.36315436714206206,15,Medium Need,38.26425492442844,66.57827779360106,0.2587984940252087,0.41374727048324317,354.355229914098,0.22830143493231894,0.4408896260194472,0.44727877014905276,0.49151199298257453,0.20779001162691693,1204.45235376,1,TEST_2022,True,2022 UBEC public school indicators with richer infrastructure fields,Capstone_Stage_ML1_Model_Ready_Dataset.xlsx,Model_Ready_Core_StateYear,beni_core_model_ready,final_model_ready
Imo,2018,0.5290905925048779,4,High Need,81.94613883754364,66.57418762774789,0.2746970630519614,0.5093229883619071,563.3543946346629,0.5861504854949149,0.4408525300490584,0.48108554376232227,0.7563313124839895,0.3810330907341041,1473.8328452,1,TRAIN_2018_2020,True,Common 2018-2020 UBEC public school indicators,Capstone_Stage_ML1_Model_Ready_Dataset.xlsx,Model_Ready_Core_StateYear,beni_core_model_ready,final_model_ready
Imo,2019,0.4668264257300331,8,High Need,98.79564437295056,66.6096858966337,0.06310709645486605,0.5093229883619071,563.6547829156372,0.7241843571632617,0.4411744834315655,0.031159887714250253,0.7563313124839895,0.3812820878570987,1519.88407886,1,TRAIN_2018_2020,True,Common 2018-2020 UBEC public school indicators,Capstone_Stage_ML1_Model_Ready_Dataset.xlsx,Model_Ready_Core_StateYear,beni_core_model_ready,final_model_ready
Imo,2020,0.477922840589326,7,High Need,103.11116748049972,67.82463604888834,0.06322531549242184,0.5093229883619071,574.3412221829742,0.7595378197059737,0.4521935365677665,0.031411269095348276,0.7563313124839895,0.3901402650935518,715.07413514,1,TRAIN_2018_2020,True,Common 2018-2020 UBEC public school indicators,Capstone_Stage_ML1_Model_Ready_Dataset.xlsx,Model_Ready_Core_StateYear,beni_core_model_ready,final_model_ready
Imo,2022,0.5933318135572309,2,High Need,107.86888761795825,72.84652150823155,0.0802116099513869,0.5592622990392507,958.0126984126985,0.7985138317621043,0.49773978603135793,0.06753098592874798,0.8947021723998235,0.7081722916641207,0.0,1,TEST_2022,True,2022 UBEC public school indicators with richer infrastructure fields,Capstone_Stage_ML1_Model_Ready_Dataset.xlsx,Model_Ready_Core_StateYear,beni_core_model_ready,final_model_ready
Jigawa,2018,0.3938673594440414,13,High Need,53.57270466893821,67.61343561134356,0.41403444147711577,0.3369363086936309,235.5246963562753,0.35371072857803704,0.45027804329474946,0.7773730398482386,0.2786856906240841,0.10928929487509786,1473.8328452,1,TRAIN_2018_2020,True,Common 2018-2020 UBEC public school indicators,Capstone_Stage_ML1_Model_Ready_Dataset.xlsx,Model_Ready_Core_StateYear,beni_core_model_ready,final_model_ready
Jigawa,2019,0.43551481005677345,11,High Need,83.29257422183883,67.33397257089726,0.3990367335202358,0.3369363086936309,234.55121457489878,0.5971807017024455,0.4477434388201811,0.745481860411712,0.2786856906240841,0.10848235872544434,1519.88407886,1,TRAIN_2018_2020,True,Common 2018-2020 UBEC public school indicators,Capstone_Stage_ML1_Model_Ready_Dataset.xlsx,Model_Ready_Core_StateYear,beni_core_model_ready,final_model_ready
Jigawa,2020,0.45901547115802827,10,High Need,94.5611217641419,68.77771966527196,0.4027644614892937,0.3369363086936309,239.58036437246963,0.689494463793231,0.46083757763618777,0.7534085143973466,0.2786856906240841,0.11265110933929177,715.07413514,1,TRAIN_2018_2020,True,Common 2018-2020 UBEC public school indicators,Capstone_Stage_ML1_Model_Ready_Dataset.xlsx,Model_Ready_Core_StateYear,beni_core_model_ready,final_model_ready
Jigawa,2022,0.4071738761055451,13,High Need,47.08200381748118,71.25168955744495,0.22926495480246337,0.4541639415740135,422.2629198966408,0.30053785852051745,0.4832753753093076,0.38447854751128624,0.6034977104046317,0.26407988878198296,1204.45235376,1,TEST_2022,True,2022 UBEC public school indicators with richer infrastructure fields,Capstone_Stage_ML1_Model_Ready_Dataset.xlsx,Model_Ready_Core_StateYear,beni_core_model_ready,final_model_ready
Kaduna,2018,0.4799257215159544,8,High Need,62.069822908592215,73.57219591490565,0.2253890644565023,0.5590147713619337,347.04884147357893,0.423320494050294,0.5043213275307225,0.3762368405214764,0.894016327579405,0.20173361789787475,1473.8328452,1,TRAIN_2018_2020,True,Common 2018-2020 UBEC public school indicators,Capstone_Stage_ML1_Model_Ready_Dataset.xlsx,Model_Ready_Core_StateYear,beni_core_model_ready,final_model_ready
Kaduna,2019,0.4597884704924147,9,High Need,60.69115026148947,73.4071665842109,0.18435737867765215,0.5590147713619337,346.2703783963994,0.4120261849773693,0.502824585495189,0.2889869182321038,0.894016327579405,0.20108833617800687,1519.88407886,1,TRAIN_2018_2020,True,Common 2018-2020 UBEC public school indicators,Capstone_Stage_ML1_Model_Ready_Dataset.xlsx,Model_Ready_Core_StateYear,beni_core_model_ready,final_model_ready
Kaduna,2020,0.4661699408652077,9,High Need,63.009138147285434,74.56088769524348,0.183390073463537,0.5590147713619337,351.712618769795,0.43101551624791545,0.5132883186806477,0.2869300369911884,0.894016327579405,0.205599504826882,715.07413514,1,TRAIN_2018_2020,True,Common 2018-2020 UBEC public school indicators,Capstone_Stage_ML1_Model_Ready_Dataset.xlsx,Model_Ready_Core_StateYear,beni_core_model_ready,final_model_ready
Kaduna,2022,0.4986371728304316,4,High Need,57.97628250577499,77.4037985892699,0.16153969306772178,0.5837124797703747,539.684266553119,0.3897855496898024,0.5390722458192455,0.24046731055573725,0.9624482523311602,0.3614125057562127,1204.45235376,1,TEST_2022,True,2022 UBEC public school indicators with richer infrastructure fields,Capstone_Stage_ML1_Model_Ready_Dataset.xlsx,Model_Ready_Core_StateYear,beni_core_model_ready,final_model_ready
Kano,2018,0.42732968917273373,10,High Need,55.79363978601149,82.87819286480122,0.35572758923264175,0.34723652952677275,363.54361859092586,0.37190498788669246,0.5887225473551982,0.6533891422651048,0.30722533994390205,0.2154064284127714,1473.8328452,1,TRAIN_2018_2020,True,Common 2018-2020 UBEC public school indicators,Capstone_Stage_ML1_Model_Ready_Dataset.xlsx,Model_Ready_Core_StateYear,beni_core_model_ready,final_model_ready
Kano,2019,0.4497240868103294,10,High Need,73.08518359978412,82.5559736792314,0.3436935847090134,0.34723652952677275,362.1302102545186,0.5135601085501634,0.5858001638148461,0.6277999923292341,0.30722533994390205,0.21423482941350103,1519.88407886,1,TRAIN_2018_2020,True,Common 2018-2020 UBEC public school indicators,Capstone_Stage_ML1_Model_Ready_Dataset.xlsx,Model_Ready_Core_StateYear,beni_core_model_ready,final_model_ready
Kano,2020,0.45651764309979714,11,High Need,74.81915452770686,83.79267138982908,0.3455849226610602,0.34723652952677275,367.5888591718159,0.5277650785440055,0.5970164575543095,0.631821740064105,0.30722533994390205,0.21875959939266373,715.07413514,1,TRAIN_2018_2020,True,Common 2018-2020 UBEC public school indicators,Capstone_Stage_ML1_Model_Ready_Dataset.xlsx,Model_Ready_Core_StateYear,beni_core_model_ready,final_model_ready
Kano,2022,0.4765985254552489,7,High Need,66.74941329856584,90.46223436837393,0.15652325076053888,0.4733072609904349,559.0797903319743,0.4616564545918476,0.657506403351215,0.22980032982699436,0.6565396433701872,0.37748979613600026,1204.45235412,1,TEST_2022,True,2022 UBEC public school indicators with richer infrastructure fields,Capstone_Stage_ML1_Model_Ready_Dataset.xlsx,Model_Ready_Core_StateYear,beni_core_model_ready,final_model_ready
Katsina,2018,0.541670417505997,2,High Need,70.41811356170813,98.0320979051435,0.31553261379633973,0.45585993641391925,482.9253379103197,0.4917110398880198,0.7261616715452736,0.5679184038181779,0.6081969395535243,0.31436403272498953,1473.8328452,1,TRAIN_2018_2020,True,Common 2018-2020 UBEC public school indicators,Capstone_Stage_ML1_Model_Ready_Dataset.xlsx,Model_Ready_Core_StateYear,beni_core_model_ready,final_model_ready
Katsina,2019,0.5326277472881025,3,High Need,73.0603448275862,95.11180282048025,0.31646063760572546,0.44327277347223987,473.9132728423718,0.5133566253151948,0.699675904494193,0.5698917569406404,0.5733206760144869,0.3068937736759973,1519.88407886,1,TRAIN_2018_2020,True,Common 2018-2020 UBEC public school indicators,Capstone_Stage_ML1_Model_Ready_Dataset.xlsx,Model_Ready_Core_StateYear,beni_core_model_ready,final_model_ready
Katsina,2020,0.5387386580363295,3,High Need,77.53604126810605,95.52335858585859,0.31443017217819075,0.44053030303030305,476.4137279596977,0.5500222536803107,0.7034085307577466,0.5655741680480345,0.5657218928475275,0.30896644484802827,715.07413514,1,TRAIN_2018_2020,True,Common 2018-2020 UBEC public school indicators,Capstone_Stage_ML1_Model_Ready_Dataset.xlsx,Model_Ready_Core_StateYear,beni_core_model_ready,final_model_ready
Katsina,2022,0.661693597847635,1,High Need,84.98893581081082,128.22524741961516,0.2715653153153153,0.42573163997791275,946.0379191476027,0.6110775699151789,1.0,0.47442618425842553,0.5247180482932028,0.6982461867713676,1204.45235375,1,TEST_2022,True,2022 UBEC public school indicators with richer infrastructure fields,Capstone_Stage_ML1_Model_Ready_Dataset.xlsx,Model_Ready_Core_StateYear,beni_core_model_ready,final_model_ready
Kebbi,2018,0.4846117619018034,6,High Need,27.313742800689454,55.73100017155601,0.4409971833354353,0.5911820209298336,253.3978159126365,0.13859307037440552,0.342509681559481,0.8347067098447902,0.9831447100794238,0.12410463765091624,1473.8328452,1,TRAIN_2018_2020,True,Common 2018-2020 UBEC public school indicators,Capstone_Stage_ML1_Model_Ready_Dataset.xlsx,Model_Ready_Core_StateYear,beni_core_model_ready,final_model_ready
Kebbi,2019,0.4793120949772255,7,High Need,29.929037895511406,55.822353748498884,0.4179083885209713,0.5911820209298336,253.81318252730108,0.1600179903362952,0.3433382175423339,0.7856106145935532,0.9831447100794238,0.12444894233452125,1519.88407886,1,TRAIN_2018_2020,True,Common 2018-2020 UBEC public school indicators,Capstone_Stage_ML1_Model_Ready_Dataset.xlsx,Model_Ready_Core_StateYear,beni_core_model_ready,final_model_ready
Kebbi,2020,0.4778041463084846,8,High Need,29.411176839652235,56.29447589638017,0.41350721520121897,0.5911820209298336,255.95982839313572,0.155775588897494,0.3476201537391623,0.7762519440236888,0.9831447100794238,0.12622833480265444,715.07413514,1,TRAIN_2018_2020,True,Common 2018-2020 UBEC public school indicators,Capstone_Stage_ML1_Model_Ready_Dataset.xlsx,Model_Ready_Core_StateYear,beni_core_model_ready,final_model_ready
Kebbi,2022,0.42612297365964674,10,High Need,39.293047152597715,69.86996243169399,0.3069720541630654,0.4692622950819672,378.850462962963,0.23672946708424766,0.4707437298009501,0.549715199426763,0.6453319313795042,0.2280945406067686,1204.45235375,1,TEST_2022,True,2022 UBEC public school indicators with richer infrastructure fields,Capstone_Stage_ML1_Model_Ready_Dataset.xlsx,Model_Ready_Core_StateYear,beni_core_model_ready,final_model_ready
Kogi,2018,0.19823595897757976,37,Lower Need,14.65825977301387,20.87759049461177,0.18532350373460083,0.46691074882564243,103.67890222984563,0.034917308704588326,0.02640488294257492,0.29104128998263123,0.6388163132581043,0.0,1473.8328452,1,TRAIN_2018_2020,True,Common 2018-2020 UBEC public school indicators,Capstone_Stage_ML1_Model_Ready_Dataset.xlsx,Model_Ready_Core_StateYear,beni_core_model_ready,final_model_ready
Kogi,2019,0.1879185080233687,32,Lower Need,25.88686661539776,20.928018789720916,0.11749124156199266,0.46691074882564243,103.92933104631217,0.12690387012854104,0.026862244968781937,0.14680252691618578,0.6388163132581043,0.00020758484523054546,1519.86407886,1,TRAIN_2018_2020,True,Common 2018-2020 UBEC public school indicators,Capstone_Stage_ML1_Model_Ready_Dataset.xlsx,Model_Ready_Core_StateYear,beni_core_model_ready,final_model_ready
Kogi,2020,0.18881607883081242,31,Lower Need,26.120765074191613,21.03771760154739,0.11802041341452955,0.46691074882564243,104.47409948542024,0.12882000409322802,0.027857164006613106,0.14792775982180933,0.6388163132581043,0.0006591529743074343,715.07413514,1,TRAIN_2018_2020,True,Common 2018-2020 UBEC public school indicators,Capstone_Stage_ML1_Model_Ready_Dataset.xlsx,Model_Ready_Core_StateYear,beni_core_model_ready,final_model_ready
Kogi,2022,0.18563692317607422,35,Lower Need,18.13769201948295,19.273855341738553,0.11464968152866242,0.48964830789648306,116.13634546181527,0.06342137982872782,0.01185972416950971,0.14076022357469245,0.7018170947736301,0.010326193533811055,1204.45235375,1,TEST_2022,True,2022 UBEC public school indicators with richer infrastructure fields,Capstone_Stage_ML1_Model_Ready_Dataset.xlsx,Model_Ready_Core_StateYear,beni_core_model_ready,final_model_ready
Kwara,2018,0.2132890400670014,33,Lower Need,12.798364799747215,25.808761449621663,0.23414171735524134,0.4440461967343688,110.10159700985389,0.019680748586131832,0.07112839252534246,0.39484851271444454,0.5754636619790137,0.005323884530074409,1473.8328452,1,TRAIN_2018_2020,True,Common 2018-2020 UBEC public school indicators,Capstone_Stage_ML1_Model_Ready_Dataset.xlsx,Model_Ready_Core_StateYear,beni_core_model_ready,final_model_ready
Kwara,2019,0.185600554751789,34,Lower Need,15.849512916202201,26.047232178414973,0.15586681529588522,0.4440461967343688,111.11892626571526,0.04467624692065875,0.07329121511285824,0.22840448312482103,0.5754636619790137,0.006167166621593242,1519.74289016,1,TRAIN_2018_2020,True,Common 2018-2020 UBEC public school indicators,Capstone_Stage_ML1_Model_Ready_Dataset.xlsx,Model_Ready_Core_StateYear,beni_core_model_ready,final_model_ready
Kwara,2020,0.18650200186808868,33,Lower Need,16.583174762143216,26.32689402973209,0.15458187280921382,0.44319898243103584,112.3739395995928,0.050686523298074056,0.07582762271288447,0.22567217686003233,0.5731162172486971,0.007207469220755391,715.07413514,1,TRAIN_2018_2020,True,Common 2018-2020 UBEC public school indicators,Capstone_Stage_ML1_Model_Ready_Dataset.xlsx,Model_Ready_Core_StateYear,beni_core_model_ready,final_model_ready
Kwara,2022,0.22585537037890963,28,Lower Need,16.634483070794857,29.500602071124668,0.12348361397791055,0.5073452677209601,179.87714145863924,0.05110684925227242,0.10461173165924374,0.15954472889237928,0.7508514830260054,0.06316205906464727,0.0,1,TEST_2022,True,2022 UBEC public school indicators with richer infrastructure fields,Capstone_Stage_ML1_Model_Ready_Dataset.xlsx,Model_Ready_Core_StateYear,beni_core_model_ready,final_model_ready
Lagos,2018,0.2773453310387093,24,Medium Need,36.52562105080931,57.734368586673966,0.27784990911451574,0.2808181693802162,346.16940114848234,0.21405826533395436,0.3606793348383465,0.4877897668213225,0.12319465383657333,0.2010046343633498,1473.8328452,1,TRAIN_2018_2020,True,Common 2018-2020 UBEC public school indicators,Capstone_Stage_ML1_Model_Ready_Dataset.xlsx,Model_Ready_Core_StateYear,beni_core_model_ready,final_model_ready
Lagos,2019,0.22470886578073154,24,Medium Need,47.58268066433372,58.601108222739086,0.10576015108593012,0.2808181693802162,351.3662838392125,0.30463948414273706,0.36854027471915524,0.12185749448630598,0.12319465383657333,0.20531242171888628,1519.74289016,1,TRAIN_2018_2020,True,Common 2018-2020 UBEC public school indicators,Capstone_Stage_ML1_Model_Ready_Dataset.xlsx,Model_Ready_Core_StateYear,beni_core_model_ready,final_model_ready
Lagos,2020,0.23084706439127434,24,Medium Need,49.955062013267955,59.240046517991516,0.1067781944043842,0.2808181693802162,355.3430447271235,0.32407441545149485,0.3743351585776204,0.12402226541239154,0.12319465383657333,0.20860882867829147,715.07413514,1,TRAIN_2018_2020,True,Common 2018-2020 UBEC public school indicators,Capstone_Stage_ML1_Model_Ready_Dataset.xlsx,Model_Ready_Core_StateYear,beni_core_model_ready,final_model_ready
Lagos,2022,0.18775775124095123,34,Lower Need,35.416019274264926,49.82299232205852,0.10964696627003638,0.2363560904752023,483.41677852348994,0.2049682283055889,0.2889266993260985,0.13012243209072746,0.0,0.31477139648234126,1204.45235376,1,TEST_2022,True,2022 UBEC public school indicators with richer infrastructure fields,Capstone_Stage_ML1_Model_Ready_Dataset.xlsx,Model_Ready_Core_StateYear,beni_core_model_ready,final_model_ready
Nasarawa,2018,0.3306133504024309,19,Medium Need,18.1448610048457,39.61799754983851,0.2443254271869421,0.5560752867802651,213.2673860911271,0.06348010931509018,0.19637197233497994,0.4165031894494522,0.8858716615085666,0.09083981940406567,1473.83284521,1,TRAIN_2018_2020,True,Common 2018-2020 UBEC public school indicators,Capstone_Stage_ML1_Model_Ready_Dataset.xlsx,Model_Ready_Core_StateYear,beni_core_model_ready,final_model_ready
Nasarawa,2019,0.3341412535820715,19,Medium Need,31.353277104199613,39.7441808664662,0.20093129502723597,0.5560752867802651,213.94664268585132,0.17168558804377582,0.197516398440234,0.32422975278990623,0.8858716615085666,0.09140286712787463,1519.88407816,1,TRAIN_2018_2020,True,Common 2018-2020 UBEC public school indicators,Capstone_Stage_ML1_Model_Ready_Dataset.xlsx,Model_Ready_Core_StateYear,beni_core_model_ready,final_model_ready
Nasarawa,2020,0.3294669617978016,19,Medium Need,28.643971970058928,40.06136540817463,0.19835961140308966,0.5560752867802651,215.65407673860912,0.14949052265087692,0.20039312001813642,0.3187613156028757,0.8858716615085666,0.09281818920855239,715.07413514,1,TRAIN_2018_2020,True,Common 2018-2020 UBEC public school indicators,Capstone_Stage_ML1_Model_Ready_Dataset.xlsx,Model_Ready_Core_StateYear,beni_core_model_ready,final_model_ready
Nasarawa,2022,0.285067386419778,20,Medium Need,22.144674750612268,34.40593967517401,0.17567648288632698,0.5321577726218097,212.08466819221968,0.09624722975789779,0.14910094433164656,0.27052783060705504,0.8196014836413329,0.08985944376095793,1204.45235376,1,TEST_2022,True,2022 UBEC public school indicators with richer infrastructure fields,Capstone_Stage_ML1_Model_Ready_Dataset.xlsx,Model_Ready_Core_StateYear,beni_core_model_ready,final_model_ready
Niger,2018,0.40040349304140516,11,High Need,27.80205378068336,48.15537869885696,0.28515480448994696,0.5972652494391625,202.9637550652859,0.14259339281740446,0.2738021914682161,0.5033229222776575,1.0,0.08229895864374785,1473.83284551,1,TRAIN_2018_2020,True,Common 2018-2020 UBEC public school indicators,Capstone_Stage_ML1_Model_Ready_Dataset.xlsx,Model_Ready_Core_StateYear,beni_core_model_ready,final_model_ready
Niger,2019,0.4001508267781973,12,High Need,32.282329819546185,48.25451340668732,0.2667143112381633,0.5972652494391625,203.38158487167942,0.17929653799205755,0.2747012988194086,0.46411099196927263,1.0,0.08264530511024763,1519.86407886,1,TRAIN_2018_2020,True,Common 2018-2020 UBEC public school indicators,Capstone_Stage_ML1_Model_Ready_Dataset.xlsx,Model_Ready_Core_StateYear,beni_core_model_ready,final_model_ready
Niger,2020,0.399714732150612,13,High Need,31.46290166873535,48.742121568208525,0.26592883740173767,0.5972652494391625,205.52927927927928,0.17258365018815308,0.2791236862165183,0.46244075761531883,1.0,0.08442556673306968,715.07413514,1,TRAIN_2018_2020,True,Common 2018-2020 UBEC public school indicators,Capstone_Stage_ML1_Model_Ready_Dataset.xlsx,Model_Ready_Core_StateYear,beni_core_model_ready,final_model_ready
Niger,2022,0.36113511051051705,16,Medium Need,29.44981468647362,47.65009019550485,0.2092686895471118,0.5624299156550144,266.45338058887677,0.15609211638125173,0.2692194512979993,0.3419584180920266,0.9034789422242768,0.1349266245570311,0.0,1,TEST_2022,True,2022 UBEC public school indicators with richer infrastructure fields,Capstone_Stage_ML1_Model_Ready_Dataset.xlsx,Model_Ready_Core_StateYear,beni_core_model_ready,final_model_ready
Ogun,2018,0.23054463763785202,30,Lower Need,27.35240854762767,45.493975903614455,0.19421304680268825,0.36666666666666664,216.04577240940878,0.13890982642042812,0.24966446140316836,0.3099440459176177,0.36106198181708365,0.09314287263096233,1473.83284521,1,TRAIN_2018_2020,True,Common 2018-2020 UBEC public school indicators,Capstone_Stage_ML1_Model_Ready_Dataset.xlsx,Model_Ready_Core_StateYear,beni_core_model_ready,final_model_ready
Ogun,2019,0.18748000291677142,33,Lower Need,33.09499203168011,45.870013386880856,0.06852755106968658,0.36666666666666664,217.83153210425937,0.18595399813316904,0.25307495277322695,0.042685961648066956,0.36106198181708365,0.09462312021231059,1519.86407886,1,TRAIN_2018_2020,True,Common 2018-2020 UBEC public school indicators,Capstone_Stage_ML1_Model_Ready_Dataset.xlsx,Model_Ready_Core_StateYear,beni_core_model_ready,final_model_ready
Ogun,2020,0.19246617593986368,30,Lower Need,34.96015275614291,46.56907630522088,0.06879051303954575,0.36666666666666664,221.15130324221232,0.20123369613619543,0.25941514000514065,0.04324512491420552,0.36106198181708365,0.09737493682669322,0.0,1,TRAIN_2018_2020,True,Common 2018-2020 UBEC public school indicators,Capstone_Stage_ML1_Model_Ready_Dataset.xlsx,Model_Ready_Core_StateYear,beni_core_model_ready,final_model_ready
Ogun,2022,0.2166145958886858,29,Lower Need,31.164290498516888,44.95176316334276,0.11214237871973974,0.3503553930025533,365.33707234997195,0.17013737923604388,0.2447468349597365,0.13542868598168453,0.3158670255268717,0.2168930537390923,0.0,1,TEST_2022,True,2022 UBEC public school indicators with richer infrastructure fields,Capstone_Stage_ML1_Model_Ready_Dataset.xlsx,Model_Ready_Core_StateYear,beni_core_model_ready,final_model_ready
Ondo,2018,0.47309796194681486,9,High Need,62.73816933638444,71.00533512897545,0.17107551487414188,0.5453744949756553,512.2679372197309,0.4287956959694251,0.48104105110052725,0.260744315893995,0.8562221180186537,0.33868662875147326,1473.8328452,1,TRAIN_2018_2020,True,Common 2018-2020 UBEC public school indicators,Capstone_Stage_ML1_Model_Ready_Dataset.xlsx,Model_Ready_Core_StateYear,beni_core_model_ready,final_model_ready
Ondo,2019,0.5135057887997018,4,High Need,108.08675908221797,70.27374909354604,0.0965583173996176,0.5453744949756553,506.98991031390136,0.8002986699981359,0.47440589377893727,0.1022906826721949,0.8562221180186537,0.33431157953058743,1519.88407886,1,TRAIN_2018_2020,True,Common 2018-2020 UBEC public school indicators,Capstone_Stage_ML1_Model_Ready_Dataset.xlsx,Model_Ready_Core_StateYear,beni_core_model_ready,final_model_ready
Ondo,2020,0.5382123982185781,4,High Need,120.00447157967152,72.28488552781519,0.09450511651904721,0.5453744949756553,521.4992526158445,0.8979304962850804,0.492645999508573,0.09792474903155038,0.8562221180186537,0.3463386282490336,715.07413514,1,TRAIN_2018_2020,True,Common 2018-2020 UBEC public school indicators,Capstone_Stage_ML1_Model_Ready_Dataset.xlsx,Model_Ready_Core_StateYear,beni_core_model_ready,final_model_ready
Ondo,2022,0.32212263339768965,19,Medium Need,36.32902857142857,42.979853975121685,0.15497142857142857,0.4907382368848026,393.1713048855906,0.21244774798003085,0.22686250276351563,0.22650052961560285,0.7048370485798687,0.23996533804943024,1204.45235376,1,TEST_2022,True,2022 UBEC public school indicators with richer infrastructure fields,Capstone_Stage_ML1_Model_Ready_Dataset.xlsx,Model_Ready_Core_StateYear,beni_core_model_ready,final_model_ready
Osun,2018,0.2091914530818077,34,Lower Need,19.014869888475836,29.888975457732762,0.1523172242874845,0.43646279703934554,214.55536912751677,0.07060736265442229,0.10813410414158738,0.22085662020465668,0.5544517272395562,0.09190745116881605,1473.8328452,1,TRAIN_2018_2020,True,Common 2018-2020 UBEC public school indicators,Capstone_Stage_ML1_Model_Ready_Dataset.xlsx,Model_Ready_Core_StateYear,beni_core_model_ready,final_model_ready
Osun,2019,0.19140452595962004,31,Lower Need,25.864428275816035,29.517406871333893,0.09925906147787197,0.42675401843528604,212.1987951807229,0.12672005162539468,0.10476414366240706,0.10803355446696378,0.5275508344167474,0.08995404562658722,1519.88407886,1,TRAIN_2018_2020,True,Common 2018-2020 UBEC public school indicators,Capstone_Stage_ML1_Model_Ready_Dataset.xlsx,Model_Ready_Core_StateYear,beni_core_model_ready,final_model_ready
Osun,2020,0.17794810120428195,36,Lower Need,28.190112686295894,27.728475400457665,0.1009814612868048,0.40060068649885583,210.6219445953286,0.1457724340696549,0.08853933732115399,0.11169607153464128,0.45508569662000387,0.08864696647595559,715.07413514,1,TRAIN_2018_2020,True,Common 2018-2020 UBEC public school indicators,Capstone_Stage_ML1_Model_Ready_Dataset.xlsx,Model_Ready_Core_StateYear,beni_core_model_ready,final_model_ready
Osun,2022,0.19519408489702178,33,Lower Need,23.84448865897334,27.40633004024881,0.12025467568643056,0.4411818514452982,176.03172737955347,0.11017237992884713,0.0856176233437249,0.15267870304768869,0.5675271903824128,0.05997452778243542,1204.45235376,1,TEST_2022,True,2022 UBEC public school indicators with richer infrastructure fields,Capstone_Stage_ML1_Model_Ready_Dataset.xlsx,Model_Ready_Core_StateYear,beni_core_model_ready,final_model_ready
Oyo,2018,0.3465408261055973,18,Medium Need,48.028080988450796,64.80832458901713,0.14187379395754732,0.46014534996696593,321.8650839606254,0.30828827555985155,0.42483694404421835,0.19864967288027524,0.6200708791491515,0.18085835889449017,1473.8328452,1,TRAIN_2018_2020,True,Common 2018-2020 UBEC public school indicators,Capstone_Stage_ML1_Model_Ready_Dataset.xlsx,Model_Ready_Core_StateYear,beni_core_model_ready,final_model_ready
Oyo,2019,0.36561974819700505,18,Medium Need,79.19005472281704,64.56562560620756,0.06914108969783488,0.4593598448108632,320.83651436283014,0.5635721991351215,0.4226357730885888,0.04399059236482536,0.6178944169104053,0.18000575948608424,1519.88407886,1,TRAIN_2018_2020,True,Common 2018-2020 UBEC public school indicators,Capstone_Stage_ML1_Model_Ready_Dataset.xlsx,Model_Ready_Core_StateYear,beni_core_model_ready,final_model_ready
Oyo,2020,0.3757245650647708,18,Medium Need,83.56998763906057,65.5752861299709,0.06976514215080346,0.4593598448108632,325.85367264314635,0.5994533172371505,0.43179294133967033,0.0453175797160023,0.6178944169104053,0.18416457012062537,715.07413514,1,TRAIN_2018_2020,True,Common 2018-2020 UBEC public school indicators,Capstone_Stage_ML1_Model_Ready_Dataset.xlsx,Model_Ready_Core_StateYear,beni_core_model_ready,final_model_ready
Oyo,2022,0.4957336120811746,5,High Need,77.83151527508751,91.37998723268433,0.1022870153260611,0.4523220555378232,764.2135468802136,0.5524428244843207,0.6658300103395101,0.11447220627801086,0.5983942487981773,0.5475287705058545,0.0,1,TEST_2022,True,2022 UBEC public school indicators with richer infrastructure fields,Capstone_Stage_ML1_Model_Ready_Dataset.xlsx,Model_Ready_Core_StateYear,beni_core_model_ready,final_model_ready
Plateau,2018,0.3000646654574584,21,Medium Need,24.24671385237614,33.55651237890204,0.18756319514661274,0.5602798708288482,166.57226823403687,0.11346747369947849,0.14139701961046286,0.29580377775131417,0.8975216403028232,0.05213341592321331,1473.8328452,1,TRAIN_2018_2020,True,Common 2018-2020 UBEC public school indicators,Capstone_Stage_ML1_Model_Ready_Dataset.xlsx,Model_Ready_Core_StateYear,beni_core_model_ready,final_model_ready
Plateau,2019,0.2860701430568434,21,Medium Need,38.48003461490914,32.215379838542745,0.13592533069600693,0.5387083419581867,160.73586367157242,0.23006913701959142,0.12923354879029533,0.18600083948581336,0.8377516723347462,0.04729551765377067,1519.88407886,1,TRAIN_2018_2020,True,Common 2018-2020 UBEC public school indicators,Capstone_Stage_ML1_Model_Ready_Dataset.xlsx,Model_Ready_Core_StateYear,beni_core_model_ready,final_model_ready
Plateau,2020,0.28689983973245803,21,Medium Need,39.35179416895091,32.516987542468854,0.1363070022427112,0.5358797487902811,162.3008735868448,0.23721073213378605,0.13196899543366747,0.18681242721753596,0.8299142620123663,0.04859278186493423,715.07413514,1,TRAIN_2018_2020,True,Common 2018-2020 UBEC public school indicators,Capstone_Stage_ML1_Model_Ready_Dataset.xlsx,Model_Ready_Core_StateYear,beni_core_model_ready,final_model_ready
Plateau,2022,0.26024194390294036,23,Medium Need,26.384634665998245,33.24747315224258,0.10356352090905294,0.5332701621393978,214.38187372708757,0.13098166642189862,0.13859417238795607,0.11718657228086703,0.8226836706403587,0.09176363778362154,1204.45235376,1,TEST_2022,True,2022 UBEC public school indicators with richer infrastructure fields,Capstone_Stage_ML1_Model_Ready_Dataset.xlsx,Model_Ready_Core_StateYear,beni_core_model_ready,final_model_ready
Rivers,2018,0.282861476563473,22,Medium Need,10.3959770507479,29.329896907216494,0.3324567993989482,0.47220348781192795,168.65096952908587,0.0,0.10306351236132655,0.6039060521589545,0.653481330354038,0.05385648794304589,1473.8328452,1,TRAIN_2018_2020,True,Common 2018-2020 UBEC public school indicators,Capstone_Stage_ML1_Model_Ready_Dataset.xlsx,Model_Ready_Core_StateYear,beni_core_model_ready,final_model_ready
Rivers,2019,0.23686382639020342,23,Medium Need,17.29676732590061,29.72845450168512,0.19547313574990197,0.4719306692344728,170.9468438538206,0.056532388873309525,0.10667825104269248,0.3126235035278815,0.6527254100048888,0.055759578502244875,1519.88407886,1,TRAIN_2018_2020,True,Common 2018-2020 UBEC public school indicators,Capstone_Stage_ML1_Model_Ready_Dataset.xlsx,Model_Ready_Core_StateYear,beni_core_model_ready,final_model_ready
Rivers,2020,0.24148454778715817,23,Medium Need,20.768902520336045,29.92525698914401,0.1930924123216429,0.4708425401095206,172.09502762430938,0.08497668136822735,0.10846316136401035,0.30756112477923253,0.6497104432246723,0.05671132819964834,715.07413514,1,TRAIN_2018_2020,True,Common 2018-2020 UBEC public school indicators,Capstone_Stage_ML1_Model_Ready_Dataset.xlsx,Model_Ready_Core_StateYear,beni_core_model_ready,final_model_ready
Rivers,2022,0.3355317013527512,18,Medium Need,31.693273058498075,44.67624120220658,0.24337089265231765,0.45843637055354763,382.5130293159609,0.17447088983347955,0.2422479743074572,0.4144734638267376,0.6153356725993255,0.231130506196756,1204.45235376,1,TEST_2022,True,2022 UBEC public school indicators with richer infrastructure fields,Capstone_Stage_ML1_Model_Ready_Dataset.xlsx,Model_Ready_Core_StateYear,beni_core_model_ready,final_model_ready
Sokoto,2018,0.5057665346762947,5,High Need,33.694446736529414,64.89360349622567,0.5187309183926067,0.5114024632499007,284.95673412421496,0.19086482792732998,0.4256103854962682,1.0,0.7620930806085863,0.1502643793492895,1473.8328452,1,TRAIN_2018_2020,True,Common 2018-2020 UBEC public school indicators,Capstone_Stage_ML1_Model_Ready_Dataset.xlsx,Model_Ready_Core_StateYear,beni_core_model_ready,final_model_ready
Sokoto,2019,0.5125317701787186,5,High Need,46.79750975441818,64.80627731426301,0.4846798255680514,0.5114024632499007,284.57327285415215,0.2982072371910829,0.42481837618013096,0.9275936353474894,0.7620930806085863,0.14994652156630336,1519.88407886,1,TRAIN_2018_2020,True,Common 2018-2020 UBEC public school indicators,Capstone_Stage_ML1_Model_Ready_Dataset.xlsx,Model_Ready_Core_StateYear,beni_core_model_ready,final_model_ready
Sokoto,2020,0.5210254496896275,5,High Need,49.6067767997106,65.37767183154548,0.4904136018328711,0.5114024632499007,287.08234473133285,0.32122120671067245,0.43000066825687605,0.9397859575500549,0.7620930806085863,0.15202633532194781,715.07413514,1,TRAIN_2018_2020,True,Common 2018-2020 UBEC public school indicators,Capstone_Stage_ML1_Model_Ready_Dataset.xlsx,Model_Ready_Core_StateYear,beni_core_model_ready,final_model_ready
Sokoto,2022,0.45248419575066434,8,High Need,44.643170466883824,73.76454969501256,0.31939196525515745,0.46264800861141014,432.621632996633,0.2805585416776918,0.5060658900710158,0.5761249424596585,0.627005196503769,0.27266640804118664,1204.45235376,1,TEST_2022,True,2022 UBEC public school indicators with richer infrastructure fields,Capstone_Stage_ML1_Model_Ready_Dataset.xlsx,Model_Ready_Core_StateYear,beni_core_model_ready,final_model_ready
Taraba,2018,0.36628198348105245,17,Medium Need,24.385734732824428,45.03303964757709,0.2430423027989822,0.5754772393538914,245.93023255813952,0.11460635521328287,0.24548397622996862,0.4137747491962173,0.9396302101398131,0.11791462662598061,1473.8328452,1,TRAIN_2018_2020,True,Common 2018-2020 UBEC public school indicators,Capstone_Stage_ML1_Model_Ready_Dataset.xlsx,Model_Ready_Core_StateYear,beni_core_model_ready,final_model_ready
Taraba,2019,0.37292131422446617,16,Medium Need,32.86684899184899,45.00007342143906,0.2261904761904762,0.5754772393538914,245.75020048115476,0.18408501349050993,0.24518498733989702,0.37794096527735116,0.9396302101398131,0.11776539487476,1519.88407886,1,TRAIN_2018_2020,True,Common 2018-2020 UBEC public school indicators,Capstone_Stage_ML1_Model_Ready_Dataset.xlsx,Model_Ready_Core_StateYear,beni_core_model_ready,final_model_ready
Taraba,2020,0.37730871271852673,16,Medium Need,34.76990351520623,45.2442731277533,0.22761383512949274,0.5754772393538914,247.08380112269447,0.199675143616463,0.24739976918483753,0.3809676007777402,0.9396302101398131,0.11887083987377976,715.07413514,1,TRAIN_2018_2020,True,Common 2018-2020 UBEC public school indicators,Capstone_Stage_ML1_Model_Ready_Dataset.xlsx,Model_Ready_Core_StateYear,beni_core_model_ready,final_model_ready
Taraba,2022,0.37638454837015,14,Medium Need,30.862931749705254,48.17612977983777,0.20981616523295926,0.5779428805125758,285.4571890145396,0.16766859967618158,0.27399039446859175,0.3431225723337744,0.946461960172875,0.1506792151993275,1204.45235376,1,TEST_2022,True,2022 UBEC public school indicators with richer infrastructure fields,Capstone_Stage_ML1_Model_Ready_Dataset.xlsx,Model_Ready_Core_StateYear,beni_core_model_ready,final_model_ready
Yobe,2018,0.5344731906649363,3,High Need,54.48590999739877,91.80219138056975,0.36894129888147054,0.47143900657414173,476.05,0.36119185417253546,0.6696592126580089,0.6814868213667737,0.6513631207747057,0.3086649443526571,1473.8328452,1,TRAIN_2018_2020,True,Common 2018-2020 UBEC public school indicators,Capstone_Stage_ML1_Model_Ready_Dataset.xlsx,Model_Ready_Core_StateYear,beni_core_model_ready,final_model_ready
Yobe,2019,0.6279977531745827,1,High Need,121.99941736259468,91.6909940154722,0.3299669838803651,0.47102612757261714,475.52990158970476,0.9142734144559831,0.6686507024139123,0.598611699602199,0.6502191237569802,0.30823382564383944,1519.83407868,1,TRAIN_2018_2020,True,Common 2018-2020 UBEC public school indicators,Capstone_Stage_ML1_Model_Ready_Dataset.xlsx,Model_Ready_Core_StateYear,beni_core_model_ready,final_model_ready
Yobe,2020,0.6281701092147027,1,High Need,121.90903835035652,92.09288105983404,0.3297359799576026,0.4697918183141651,477.78398791540786,0.9135330149854717,0.672295637712991,0.5981204920408476,0.6467991239376482,0.31010227739655494,715.07413514,1,TRAIN_2018_2020,True,Common 2018-2020 UBEC public school indicators,Capstone_Stage_ML1_Model_Ready_Dataset.xlsx,Model_Ready_Core_StateYear,beni_core_model_ready,final_model_ready
Yobe,2022,0.5539562787940847,3,High Need,72.38242748521543,93.16056542225444,0.2954097437341594,0.4441222665216866,681.7771883289124,0.5078030169174933,0.6819790561646606,0.5251290614882714,0.5756744346497218,0.4791958247502763,1204.45235376,1,TEST_2022,True,2022 UBEC public school indicators with richer infrastructure fields,Capstone_Stage_ML1_Model_Ready_Dataset.xlsx,Model_Ready_Core_StateYear,beni_core_model_ready,final_model_ready
Zamfara,2018,0.3817012229887161,14,Medium Need,38.94798757912337,68.25986394557823,0.36104144273259287,0.38210361067503923,284.5650087260035,0.2339026833081419,0.4561408584484899,0.6646885392098637,0.4038343626917793,0.14993967128530572,1473.8328452,1,TRAIN_2018_2020,True,Common 2018-2020 UBEC public school indicators,Capstone_Stage_ML1_Model_Ready_Dataset.xlsx,Model_Ready_Core_StateYear,beni_core_model_ready,final_model_ready
Zamfara,2019,0.3861109310217992,14,Medium Need,45.99611444719181,67.9264475743349,0.34772165312610387,0.3809076682316119,283.322454308094,0.29164207735533293,0.4531169214545386,0.6363652913096766,0.40052066888899396,0.14890969610045418,1519.88407886,1,TRAIN_2018_2020,True,Common 2018-2020 UBEC public school indicators,Capstone_Stage_ML1_Model_Ready_Dataset.xlsx,Model_Ready_Core_StateYear,beni_core_model_ready,final_model_ready
Zamfara,2020,0.3871323454997163,15,Medium Need,48.46884689207146,68.07247278382582,0.34275800974457404,0.3785381026438569,284.1016875811337,0.31189910105549057,0.4544413046315926,0.6258105824038614,0.39395512315843634,0.14955561624920052,715.07413514,1,TRAIN_2018_2020,True,Common 2018-2020 UBEC public school indicators,Capstone_Stage_ML1_Model_Ready_Dataset.xlsx,Model_Ready_Core_StateYear,beni_core_model_ready,final_model_ready
Zamfara,2022,0.44501135057134994,9,High Need,54.93853445681613,74.22677373449888,0.28077038820343064,0.4624923764992885,380.33489583333335,0.36489982687321104,0.5102580548626967,0.49399988392274824,0.6265739741081711,0.22932501308992287,1204.45235376,1,TEST_2022,True,2022 UBEC public school indicators with richer infrastructure fields,Capstone_Stage_ML1_Model_Ready_Dataset.xlsx,Model_Ready_Core_StateYear,beni_core_model_ready,final_model_ready
